,product_category,product_id
0,blazerscoatsjackets,01DTJCERF6F4NRZ2WSJFFA1EYS
1,shoe,01DTJCERF6F4NRZ2WSJFFA1EYS
2,onepiece,01DVPBJ6464YKYGVAE0A1HMKGN
3,shoe,01DVPBJ6464YKYGVAE0A1HMKGN
4,shoe,01DPETNS8DB4MAR29ER6ESA7XA
5,onepiece,01DPETNS8DB4MAR29ER6ESA7XA
6,blazerscoatsjackets,01DPETNS8DB4MAR29ER6ESA7XA
7,top,01DPETNS8DB4MAR29ER6ESA7XA
8,onepiece,01DT50ZST2PX9C1KKZA4P73Q5Q
9,sweater,01DT50ZST2PX9C1KKZA4P73Q5Q
10,onepiece,01DVCQRRX4QYJV20667ZK52S82
11,bottom,01DVCQRRX4QYJV20667ZK52S82
12,blazerscoatsjackets,01DPER9H4NMHGZXJTCWKN79N53
13,top,01DPER9H4NMHGZXJTCWKN79N53
14,shoe,01DVMERT64RSJQBBJS9973N7HF
15,bottom,01DVMERT64RSJQBBJS9973N7HF
16,top,01DS3P3NPXE2R3SFYNJNMCMSGZ
17,bottom,01DS3P3NPXE2R3SFYNJNMCMSGZ
18,shoe,01DPGS2915ZZY5BGMZPVB0Z3AN
19,top,01DPGS2915ZZY5BGMZPVB0Z3AN
20,bottom,01DPGS2915ZZY5BGMZPVB0Z3AN
21,shoe,01DPGS2915ZZY5BGMZPVB0Z3AN
22,onepiece,01DVPM8NMPDP0PEB3AH6MZXTCF
23,bottom,01DVPM8NMPDP0PEB3AH6MZXTCF
24,accessory,01DVMG18KSHJ74RY99Q8XYKPVD
25,bottom,01DVMG18KSHJ74RY99Q8XYKPVD
26,accessory,01DPETFFTSDHQ66H03T0F58NX7
27,shoe,01DPETFFTSDHQ66H03T0F58NX7
28,top,01DPETFFTSDHQ66H03T0F58NX7
29,top,01DPETFFTSDHQ66H03T0F58NX7
30,top,01DPETFFTSDHQ66H03T0F58NX7
31,bottom,01DPETFFTSDHQ66H03T0F58NX7
32,accessory,01DPESWQ02NWKBDKA07T5ATPXV
33,top,01DPESWQ02NWKBDKA07T5ATPXV
34,sweater,01DPGT6F3DFT5E371X1MB9YMC4
35,onepiece,01DPGT6F3DFT5E371X1MB9YMC4
36,sweater,01DTMYKXRM898RSTAYY28JJSSS
37,top,01DTMYKXRM898RSTAYY28JJSSS
38,bottom,01DPERKES7R7ZJCJ9HYWKTS528
39,sweater,01DPERKES7R7ZJCJ9HYWKTS528
40,bottom,01DPGTXD3HEJ83GAWGBNB0PV92
41,bottom,01DPGTXD3HEJ83GAWGBNB0PV92
42,top,01DS3R2WW4HG3Y6XMSW3FP1MFA
43,top,01DS3R2WW4HG3Y6XMSW3FP1MFA
44,bottom,01DPES95BX86GKMS1ZSJP1CS83
45,sweater,01DPES95BX86GKMS1ZSJP1CS83
46,blazerscoatsjackets,01DVRR8RT6XFF8Z7C1MB7A16Z8
47,accessory,01DVRR8RT6XFF8Z7C1MB7A16Z8
48,accessory,01DPGXJXDY2WVT7AB3Q9YR8ZJT
49,shoe,01DPGXJXDY2WVT7AB3Q9YR8ZJT
50,top,01DPGXJXDY2WVT7AB3Q9YR8ZJT
51,top,01DPGXJXDY2WVT7AB3Q9YR8ZJT
52,bottom,01DPGXJXDY2WVT7AB3Q9YR8ZJT
53,blazerscoatsjackets,01DPGXJXDY2WVT7AB3Q9YR8ZJT
54,top,01DVRR6FFEE96YXGAVD399Y8VP
55,onepiece,01DVRR6FFEE96YXGAVD399Y8VP
56,accessory,01DTJ8DQ5SQYBS5HX6TDH2BSJP
57,shoe,01DTJ8DQ5SQYBS5HX6TDH2BSJP
58,top,01DTJ8DQ5SQYBS5HX6TDH2BSJP
59,bottom,01DTJ8DQ5SQYBS5HX6TDH2BSJP
60,top,01DT51281DZCVH5KSYAMQA03R8
61,bottom,01DT51281DZCVH5KSYAMQA03R8
62,shoe,01DPGXFHKP8MA3F81T2DG319GH
63,bottom,01DPGXFHKP8MA3F81T2DG319GH
64,sweater,01DS48RF5XHBDJM9YSC660YR14
65,blazerscoatsjackets,01DS48RF5XHBDJM9YSC660YR14
66,bottom,01DS48RF5XHBDJM9YSC660YR14
67,top,01DS48RF5XHBDJM9YSC660YR14
68,sweater,01DS48RF5XHBDJM9YSC660YR14
69,shoe,01DS48RF5XHBDJM9YSC660YR14
70,bottom,01DPER5W0953YAH19AA4XDV00F
71,blazerscoatsjackets,01DPER5W0953YAH19AA4XDV00F
72,shoe,01DPER5W0953YAH19AA4XDV00F
73,bottom,01DPER5W0953YAH19AA4XDV00F
74,bottom,01DVRH4Y8ZB8YTPTZTQZKPPV69
75,top,01DVRH4Y8ZB8YTPTZTQZKPPV69
76,shoe,01DTJ8G50MTEAZ269BY9PDK0MC
77,bottom,01DTJ8G50MTEAZ269BY9PDK0MC
78,bottom,01DPESC70Q027MGKH56D1JNJHX
79,shoe,01DPESC70Q027MGKH56D1JNJHX
80,top,01DVRQECV7C5A5HP72PC1N5VVZ
81,top,01DVRQECV7C5A5HP72PC1N5VVZ
82,blazerscoatsjackets,01DVCSC1S7686AZAWWGN3RKH80
83,sweatshirthoodie,01DVCSC1S7686AZAWWGN3RKH80
84,shoe,01DVRHDWGHX8FG6VH1WFKET1N5
85,top,01DVRHDWGHX8FG6VH1WFKET1N5
86,bottom,01DVPC197YKNS4QNR3HB9Z0WE5
87,bottom,01DVPC197YKNS4QNR3HB9Z0WE5
88,shoe,01DVP8HWCYG3AP0Z0ZJFVME4W7
89,accessory,01DVP8HWCYG3AP0Z0ZJFVME4W7
90,shoe,01DT0DHZZKZ459GTEM63A3J7DT
91,top,01DT0DHZZKZ459GTEM63A3J7DT
92,shoe,01DVPMPVY6EMYDH4GSV9EHXTFG
93,bottom,01DVPMPVY6EMYDH4GSV9EHXTFG
94,sweatshirthoodie,01DT50Y8ZF07AGZBBMQER9MB9X
95,top,01DT50Y8ZF07AGZBBMQER9MB9X
96,accessory,01DVPPBZAPMTRXPSFXA7CJJ2W3
97,top,01DVPPBZAPMTRXPSFXA7CJJ2W3
98,top,01DT513RRYT3SKH6X25G5VCH6B
99,bottom,01DT513RRYT3SKH6X25G5VCH6B
100,bottom,01DPD9MVZAPGVX5P3AY7Y53X9V
101,onepiece,01DPD9MVZAPGVX5P3AY7Y53X9V
102,accessory,01DPGV907RVE6WXD00BN285VQV
103,top,01DPGV907RVE6WXD00BN285VQV
104,sweatshirthoodie,01DPGV907RVE6WXD00BN285VQV
105,shoe,01DPGV907RVE6WXD00BN285VQV
106,onepiece,01DT511MD0Y4H7DZCJTSE2AZQW
107,top,01DT511MD0Y4H7DZCJTSE2AZQW
108,sweater,01DWJ9VQESDPPDK4MVDM2R15CV
109,top,01DWJ9VQESDPPDK4MVDM2R15CV
110,sweater,01DVBR574EM61N3H0J8HAR3F8H
111,shoe,01DVBR574EM61N3H0J8HAR3F8H
112,bottom,01DT37D30T21NTNYMQD8MZ13PJ
113,sweatshirthoodie,01DT37D30T21NTNYMQD8MZ13PJ
114,sweater,01DWJCBPQ8R094AEN2NMJE78BF
115,onepiece,01DWJCBPQ8R094AEN2NMJE78BF
116,onepiece,01DWJCRNW32AK8X4YGYYVDPP2D
117,top,01DWJCRNW32AK8X4YGYYVDPP2D
118,accessory,01DVVFTSXXB8V4QRX19D8Q03GJ
119,sweater,01DVVFTSXXB8V4QRX19D8Q03GJ
120,blazerscoatsjackets,01DV6HA09G19TFQ7SSM7BXF5BX
121,shoe,01DV6HA09G19TFQ7SSM7BXF5BX
122,blazerscoatsjackets,01DS0RXDFKG62VMQ9TW7A33X6Y
123,sweater,01DS0RXDFKG62VMQ9TW7A33X6Y
124,sweater,01DT517E1NSSWD0Y3ZFF8BRFMZ
125,blazerscoatsjackets,01DT517E1NSSWD0Y3ZFF8BRFMZ
126,sweatshirthoodie,01DS3QDA8713QGCVA788MY3DWX
127,top,01DS3QDA8713QGCVA788MY3DWX
128,bottom,01DSRBC9CEBJXJFD7JGQ9E7T5B
129,bottom,01DSRBC9CEBJXJFD7JGQ9E7T5B
130,accessory,01DVVMB6B1J5FTGP4ZEVK12ECR
131,sweater,01DVVMB6B1J5FTGP4ZEVK12ECR
132,bottom,01DWJA72EBF7WH4S7Z2CEE1JHM
133,sweater,01DWJA72EBF7WH4S7Z2CEE1JHM
134,accessory,01DVPP6AP5V44EWB1BVH4DZ4TM
135,bottom,01DVPP6AP5V44EWB1BVH4DZ4TM
136,onepiece,01DVA4ZFKEST038Z045BWTFP77
137,bottom,01DVA4ZFKEST038Z045BWTFP77
138,sweater,01DWFWGZF7H7CYWV2Y6XM05C3W
139,onepiece,01DWFWGZF7H7CYWV2Y6XM05C3W
140,shoe,01DS1HBV0DFRKDJ843XDMVQEXZ
141,shoe,01DS1HBV0DFRKDJ843XDMVQEXZ
142,bottom,01DS1HBV0DFRKDJ843XDMVQEXZ
143,onepiece,01DS1HBV0DFRKDJ843XDMVQEXZ
144,bottom,01DSEAJ3M0YTAW3XA16NH0G02R
145,sweater,01DSEAJ3M0YTAW3XA16NH0G02R
146,top,01DSEAJ3M0YTAW3XA16NH0G02R
147,shoe,01DSEAJ3M0YTAW3XA16NH0G02R
148,bottom,01DSR9CDE483S27S7YX918H0T7
149,onepiece,01DSR9CDE483S27S7YX918H0T7
150,shoe,01DT0DKEEW7A764ZFKW8AJYMPX
151,top,01DT0DKEEW7A764ZFKW8AJYMPX
152,shoe,01DVBWZDQBJ40DB22CE0C7DMYA
153,top,01DVBWZDQBJ40DB22CE0C7DMYA
154,shoe,01DT50R1BR975VSNW3NT4RJKBQ
155,bottom,01DT50R1BR975VSNW3NT4RJKBQ
156,shoe,01DWFXB7018CKZWK06VPHEF468
157,bottom,01DWFXSVHMEYG0R7TCNGCHEKEG
158,top,01DTASPFSY8Q446Q3TJK5CGQVH
159,bottom,01DTASPFSY8Q446Q3TJK5CGQVH
160,sweater,01DT8ND4QVV25CDSARCDFCWZ11
161,bottom,01DT8ND4QVV25CDSARCDFCWZ11
162,bottom,01DTASPAEE1A42PZ0KCZ7R078S
163,bottom,01DTASPAEE1A42PZ0KCZ7R078S
164,top,01DTASNDTNWEZM6W2CE47VHVPJ
165,sweater,01DTASNDTNWEZM6W2CE47VHVPJ
166,blazerscoatsjackets,01DTASNPKTHP79D2QAKBMP818Z
167,shoe,01DTASNPKTHP79D2QAKBMP818Z
168,top,01DT37D12C9NYGHCD6AYGRKT2G
169,bottom,01DT37D12C9NYGHCD6AYGRKT2G
170,accessory,01DTATEBYYJZ3ZPXR7JRW1FPTT
171,top,01DTATEBYYJZ3ZPXR7JRW1FPTT
172,top,01DT37CW9048SBBCTQKVG8CPAZ
173,onepiece,01DT37CW9048SBBCTQKVG8CPAZ
174,sweater,01DT37D5VB0SGQQYD4MPKW5D7E
175,top,01DT37D5VB0SGQQYD4MPKW5D7E
176,sweatshirthoodie,01DT37D05YHQRRGE1KKPBHAAJP
177,bottom,01DT37D05YHQRRGE1KKPBHAAJP
178,accessory,01DT37D05YHQRRGE1KKPBHAAJP
179,shoe,01DT37D05YHQRRGE1KKPBHAAJP
180,onepiece,01DPH1EQGAW1S5C3XP0YEQ4J5N
181,sweater,01DPH1EQGAW1S5C3XP0YEQ4J5N
182,shoe,01DPH1EQGAW1S5C3XP0YEQ4J5N
183,bottom,01DPH1EQGAW1S5C3XP0YEQ4J5N
184,top,01DTATDR81EZ9S7DTYW3NE1QH0
185,shoe,01DTATDR81EZ9S7DTYW3NE1QH0
186,bottom,01DTATC3SS48V4SCBSXSP0S4E5
187,sweater,01DTATC3SS48V4SCBSXSP0S4E5
188,accessory,01DTATCP2AKWS2P1FJGP9PNDJ1
189,accessory,01DTATCP2AKWS2P1FJGP9PNDJ1
190,sweater,01DTATD9TRRGQETK31ECCMB464
191,bottom,01DTATD9TRRGQETK31ECCMB464
192,bottom,01DTATD00Z52Q6R1DRG5XWN1JJ
193,top,01DTATD00Z52Q6R1DRG5XWN1JJ
194,shoe,01DTATD00Z52Q6R1DRG5XWN1JJ
195,shoe,01DTATD00Z52Q6R1DRG5XWN1JJ
196,top,01DTATD00Z52Q6R1DRG5XWN1JJ
197,shoe,01DTATD00Z52Q6R1DRG5XWN1JJ
198,bottom,01DTATE20BG80Z0SABYDKDCK3B
199,onepiece,01DTATE20BG80Z0SABYDKDCK3B
200,sweater,01DTATEGRBVT69GXA1JCPJ0QFK
201,bottom,01DT8NCNDBMNDQQREMHH7DS6BV
202,accessory,01DT8NCNDBMNDQQREMHH7DS6BV
203,bottom,01DTATFDX36XQB6JG6JZ58AZ98
204,accessory,01DTATFDX36XQB6JG6JZ58AZ98
205,bottom,01DTATET7EBBP4SDQ4NSAMWAWX
206,accessory,01DTATET7EBBP4SDQ4NSAMWAWX
207,blazerscoatsjackets,01DTATF465YMS4F4Q9Y642PR3C
208,shoe,01DTATF465YMS4F4Q9Y642PR3C
209,bottom,01DTJ8ES5SWMYJAHY1JJDGTX3Z
210,onepiece,01DTJ8ES5SWMYJAHY1JJDGTX3Z
211,onepiece,01DTATH3F9R1E3ECWZJTKD5MJA
212,top,01DTATH3F9R1E3ECWZJTKD5MJA
213,top,01DTATG6BVE7XFNBRA63DZ6JEN
214,top,01DTATG6BVE7XFNBRA63DZ6JEN
215,shoe,01DTATGB1XKDJJ9AK0YV1R5JG5
216,sweater,01DTATGB1XKDJJ9AK0YV1R5JG5
217,onepiece,01DTATGG2XJ7QTQC6A4PHQRYW5
218,shoe,01DTATGG2XJ7QTQC6A4PHQRYW5
219,shoe,01DTATDK8JN8JKG4WERNMTQPB7
220,accessory,01DTATDK8JN8JKG4WERNMTQPB7
221,shoe,01DTATGN3YQGYEPCXAD0E207TP
222,sweater,01DTATGN3YQGYEPCXAD0E207TP
223,bottom,01DTATGSMSV7FJYTPVAYEHPD8Z
224,top,01DTATGYW72E9WEZHCKJBDFTCT
225,shoe,01DTATGYW72E9WEZHCKJBDFTCT
226,bottom,01DTATGYW72E9WEZHCKJBDFTCT
227,sweater,01DTHXY8K9109WNWYRRQRNHWBN
228,sweatshirthoodie,01DTHXY8K9109WNWYRRQRNHWBN
229,bottom,01DTHXY8K9109WNWYRRQRNHWBN
230,top,01DTHXY8K9109WNWYRRQRNHWBN
231,blazerscoatsjackets,01DTJ8BNRJCMD36E0NY19MKZD3
232,onepiece,01DTJ8BNRJCMD36E0NY19MKZD3
233,shoe,01DTJ8BQZJE4V5M6R7EWP63FWQ
234,blazerscoatsjackets,01DTJ8BQZJE4V5M6R7EWP63FWQ
235,sweatshirthoodie,01DTJ8BWWDE8MAN8P91395TGQ4
236,top,01DTJ8BWWDE8MAN8P91395TGQ4
237,onepiece,01DTJ8C7EK8SBRP5BH7Y0SYJSZ
238,onepiece,01DTJ8C7EK8SBRP5BH7Y0SYJSZ
239,shoe,01DTJ8CMKVFSM152EGXQ57E2T3
240,bottom,01DTJ8CMKVFSM152EGXQ57E2T3
241,shoe,01DTJ8CYK1A02TKT0MC1FVRWMM
242,shoe,01DTJ8CYK1A02TKT0MC1FVRWMM
243,bottom,01DTJ8D3BJGD1B6EKP9Y4QYPWT
244,onepiece,01DTJ8D3BJGD1B6EKP9Y4QYPWT
245,accessory,01DTJ8DDAG7F7XX0BBAC8AK3YD
246,sweater,01DTJ8DDAG7F7XX0BBAC8AK3YD
247,accessory,01DVBP9AHVQTZXJSBNJ0N2NYJP
248,onepiece,01DVBP9AHVQTZXJSBNJ0N2NYJP
249,blazerscoatsjackets,01DTJ8EB30824VJ8CH9G66DYGC
250,top,01DTJ8EB30824VJ8CH9G66DYGC
251,onepiece,01DTJ8EMCR26JCYAWK0CYST9H7
252,bottom,01DTJ8EMCR26JCYAWK0CYST9H7
253,shoe,01DTJ8F30NPDVH99C4ES7K4PWQ
254,shoe,01DTJ8F30NPDVH99C4ES7K4PWQ
255,accessory,01DTJ8FCK9VKNBN5P453DA5DFP
256,sweater,01DTJ8FCK9VKNBN5P453DA5DFP
257,sweater,01DTJ8FHC9A0WKQ9Z30G3CS8GZ
258,shoe,01DTJ8FHC9A0WKQ9Z30G3CS8GZ
259,bottom,01DTJ8G03TEWRES24T1R04W8R3
260,bottom,01DTJ8G03TEWRES24T1R04W8R3
261,top,01DTJ8G03TEWRES24T1R04W8R3
262,bottom,01DTJ8G03TEWRES24T1R04W8R3
263,shoe,01DTJ8G03TEWRES24T1R04W8R3
264,shoe,01DTJ8G03TEWRES24T1R04W8R3
265,shoe,01DTJAZ3J5GNXMQ718T46ERBAX
266,onepiece,01DTJAZ3J5GNXMQ718T46ERBAX
267,sweater,01DTJ8GXDJ5RA1J6VET54MBJDB
268,shoe,01DTJ8GXDJ5RA1J6VET54MBJDB
269,top,01DTJ8GRG3CT3FQ3A45GT3PYP6
270,top,01DTJ8GRG3CT3FQ3A45GT3PYP6
271,shoe,01DTJAZ7F9DRFPNF8W1H7SFT20
272,bottom,01DTJAZ7F9DRFPNF8W1H7SFT20
273,sweatshirthoodie,01DTJAZ7F9DRFPNF8W1H7SFT20
274,top,01DTJBF28J3F9WNYDWGZ5BC8CF
275,shoe,01DTJBF28J3F9WNYDWGZ5BC8CF
276,top,01DTJBFCD58JDP3RBA6CCZ8E2C
277,bottom,01DTJBFCD58JDP3RBA6CCZ8E2C
278,onepiece,01DSZSEGP1D27KKZ39J8SG3C35
279,blazerscoatsjackets,01DSZSEGP1D27KKZ39J8SG3C35
280,bottom,01DTJBR06HEYC2WWGJX1RKBZA4
281,bottom,01DTJBR06HEYC2WWGJX1RKBZA4
282,bottom,01DTJCCSQKDDVY7DH821S6SDXP
283,bottom,01DTJCCSQKDDVY7DH821S6SDXP
284,bottom,01DTJCCY6S6KV2KJS79QK6CC08
285,top,01DTJCCY6S6KV2KJS79QK6CC08
286,blazerscoatsjackets,01DTJCD2QG8RKQ4HJKT4GBW888
287,bottom,01DTJCD2QG8RKQ4HJKT4GBW888
288,onepiece,01DTJCD2QG8RKQ4HJKT4GBW888
289,shoe,01DTJCD2QG8RKQ4HJKT4GBW888
290,top,01DTJCD7X94105KDSE036PNP64
291,bottom,01DTJCD7X94105KDSE036PNP64
292,top,01DTJCDCCS988BEPR8RVSQ2MM5
293,top,01DTJCDCCS988BEPR8RVSQ2MM5
294,onepiece,01DTJCE09PWFZ6DCY0DJADM4HB
295,shoe,01DTJCE09PWFZ6DCY0DJADM4HB
296,bottom,01DTJCE596G5WGANPMXNENAXFJ
297,onepiece,01DTJCE596G5WGANPMXNENAXFJ
298,shoe,01DTJCE596G5WGANPMXNENAXFJ
299,sweater,01DTJCE596G5WGANPMXNENAXFJ
300,shoe,01DTJCE9ZMH29TWHQC1CC8AWG5
301,bottom,01DTJCE9ZMH29TWHQC1CC8AWG5
302,top,01DTJCEEPSEHH29G98KNDG4TFK
303,shoe,01DTJCEEPSEHH29G98KNDG4TFK
304,blazerscoatsjackets,01DTJCEEPSEHH29G98KNDG4TFK
305,sweater,01DTJCEEPSEHH29G98KNDG4TFK
306,shoe,01DTJCEKTMNHVSB3WHG9M5V1P7
307,sweater,01DTJCEKTMNHVSB3WHG9M5V1P7
308,shoe,01DTJCEX7H9S5ZQ2MXD019M39N
309,onepiece,01DTJCEX7H9S5ZQ2MXD019M39N
310,onepiece,01DTJBF7B1RD7BNEAVCXFQXTVQ
311,shoe,01DTJBF7B1RD7BNEAVCXFQXTVQ
312,top,01DTJBF7B1RD7BNEAVCXFQXTVQ
313,shoe,01DTJBF7B1RD7BNEAVCXFQXTVQ
314,shoe,01DTJ8CG3XYDKGWA2BW1MS3FA1
315,top,01DTJ8CG3XYDKGWA2BW1MS3FA1
316,top,01DTJ8CG3XYDKGWA2BW1MS3FA1
317,shoe,01DTJ8CG3XYDKGWA2BW1MS3FA1
318,bottom,01DT5142J2JPTF9R7RX47EMWSW
319,top,01DT5142J2JPTF9R7RX47EMWSW
320,accessory,01DTMYKAG6NM4BEJE4FBYE54YK
321,accessory,01DTMYKAG6NM4BEJE4FBYE54YK
322,shoe,01DT515EJ9DQGX6SQJ2HG0CYQ2
323,top,01DT515EJ9DQGX6SQJ2HG0CYQ2
324,bottom,01DT518N0WCC9SBA7XZ7HYKF6S
325,sweater,01DT518N0WCC9SBA7XZ7HYKF6S
326,shoe,01DT511FKX6312M3QMY2F4DKS6
327,bottom,01DT511FKX6312M3QMY2F4DKS6
328,onepiece,01DT50ZG1EDPG2JTMEJTP80TJG
329,shoe,01DT50ZG1EDPG2JTMEJTP80TJG
330,blazerscoatsjackets,01DT510JABF5GJ8FRVWK3S4BAS
331,top,01DT510JABF5GJ8FRVWK3S4BAS
332,top,01DTMYX49S7AAXVRBQ95K0E87T
333,sweater,01DTMYX49S7AAXVRBQ95K0E87T
334,bottom,01DTMYX49S7AAXVRBQ95K0E87T
335,accessory,01DTMYX49S7AAXVRBQ95K0E87T
336,onepiece,01DTMYX91RFDD33T9T3Q8PE9JB
337,bottom,01DTMYX91RFDD33T9T3Q8PE9JB
338,shoe,01DTMYXDR0DCA4GFAP4SS3WQDE
339,top,01DTN28TVMA1EKYZS2DS4QA58S
340,top,01DTN28TVMA1EKYZS2DS4QA58S
341,shoe,01DPGTHPSYZCNW17PFDX20C2B6
342,onepiece,01DPGTHPSYZCNW17PFDX20C2B6
343,sweater,01DPGTHPSYZCNW17PFDX20C2B6
344,accessory,01DPGTHPSYZCNW17PFDX20C2B6
345,onepiece,01DSRSF2EYG3KSXBJP45QG6DJ1
346,shoe,01DSRSF2EYG3KSXBJP45QG6DJ1
347,bottom,01DV4G5FF75M2R6EHJAB8EW6Z9
348,bottom,01DV4G5FF75M2R6EHJAB8EW6Z9
349,top,01DT0DJRS5AQ5BQBJ1105H0ATS
350,bottom,01DT0DJRS5AQ5BQBJ1105H0ATS
351,bottom,01DV4GR7FNY3GTQCYE5Y4RC8NS
352,shoe,01DV4GR7FNY3GTQCYE5Y4RC8NS
353,shoe,01DV4GR7FNY3GTQCYE5Y4RC8NS
354,onepiece,01DV4GR7FNY3GTQCYE5Y4RC8NS
355,blazerscoatsjackets,01DV6K7TS195H385X4SSP3JF5H
356,blazerscoatsjackets,01DV6K7TS195H385X4SSP3JF5H
357,accessory,01DT0DHQ0F6M3HE1WF7FYBGJ6E
358,top,01DT0DHQ0F6M3HE1WF7FYBGJ6E
359,sweatshirthoodie,01DPEEZGRJYX4N4WE78GPM0B2G
360,accessory,01DPEEZGRJYX4N4WE78GPM0B2G
361,bottom,01DVA80YRD3A05GQDNZ93TVVVX
362,top,01DVA80YRD3A05GQDNZ93TVVVX
363,top,01DT0DKKBJZDQ078WHZHHDNG43
364,accessory,01DT0DKKBJZDQ078WHZHHDNG43
365,bottom,01DT0DKKBJZDQ078WHZHHDNG43
366,top,01DT0DKKBJZDQ078WHZHHDNG43
367,sweatshirthoodie,01DV70QZNSQXN1D290CJYTHX8Q
368,shoe,01DV70QZNSQXN1D290CJYTHX8Q
369,sweater,01DPGV52E2XTG7PPG8N0PV5K05
370,top,01DPGV52E2XTG7PPG8N0PV5K05
371,onepiece,01DT0C8PD04G034C1C04BNRX7T
372,sweater,01DT0C8PD04G034C1C04BNRX7T
373,bottom,01DV90Y567ZVFXWNTNEQ8HMPTX
374,shoe,01DV90Y567ZVFXWNTNEQ8HMPTX
375,shoe,01DV90YR18VZFNJEJCD004AGZ2
376,onepiece,01DV90Z6P14Y6EFD6DAHZ9SMS7
377,sweater,01DV90Z6P14Y6EFD6DAHZ9SMS7
378,top,01DV95Y2NG5T7ARBX9A5FKMB5S
379,accessory,01DV95Y2NG5T7ARBX9A5FKMB5S
380,blazerscoatsjackets,01DV95YGM68M98H72472KMTVHY
381,onepiece,01DV95YGM68M98H72472KMTVHY
382,bottom,01DV95YGM68M98H72472KMTVHY
383,top,01DV95YGM68M98H72472KMTVHY
384,shoe,01DVA4W4DFK30Q8VEH6T3W7Q72
385,shoe,01DVA4W4DFK30Q8VEH6T3W7Q72
386,shoe,01DVA4XSMTZ334M7SPPW0M1EDV
387,bottom,01DVA4XSMTZ334M7SPPW0M1EDV
388,shoe,01DVA4XY7A0QMMSK3V3SBR52J9
389,sweatshirthoodie,01DVA4XY7A0QMMSK3V3SBR52J9
390,shoe,01DVA4XY7A0QMMSK3V3SBR52J9
391,top,01DVA4XY7A0QMMSK3V3SBR52J9
392,top,01DVA4Y85Y5VZTKZNVEKCTDJXQ
393,top,01DVA4Y85Y5VZTKZNVEKCTDJXQ
394,onepiece,01DVA4Y85Y5VZTKZNVEKCTDJXQ
395,bottom,01DVA4Y85Y5VZTKZNVEKCTDJXQ
396,bottom,01DVA4YHJQNP81XPB75JBGQ749
397,accessory,01DVA4YHJQNP81XPB75JBGQ749
398,shoe,01DVA4YVM475BFGHRYN11N4N20
399,top,01DVA4YVM475BFGHRYN11N4N20
400,sweater,01DVA4ZSA3EN2Z65V5Y9NFJYJG
401,shoe,01DVA4ZSA3EN2Z65V5Y9NFJYJG
402,onepiece,01DVA50CB97R63HSY8RBS2EHMP
403,onepiece,01DVA50CB97R63HSY8RBS2EHMP
404,blazerscoatsjackets,01DVA52ZCSNYK38PN2ZTM6E888
405,shoe,01DVA52ZCSNYK38PN2ZTM6E888
406,bottom,01DVA53EZSEWVSBPRZK8F752P0
407,blazerscoatsjackets,01DVA53EZSEWVSBPRZK8F752P0
408,bottom,01DVA54THCXNRKYC0YVMWGYPJ5
409,shoe,01DVA54THCXNRKYC0YVMWGYPJ5
410,sweater,01DVA558GGAR1BFDYZYR3PJ02N
411,top,01DVA558GGAR1BFDYZYR3PJ02N
412,top,01DVA59VHYAPT4PVX32NXW91G5
413,accessory,01DVA59VHYAPT4PVX32NXW91G5
414,bottom,01DVA5E4P52939W0WTQBTNNJRG
415,onepiece,01DVA5E4P52939W0WTQBTNNJRG
416,blazerscoatsjackets,01DVA5E4P52939W0WTQBTNNJRG
417,shoe,01DVA5E4P52939W0WTQBTNNJRG
418,shoe,01DVA5EJHRB1JJFSMW8WCZEE9X
419,bottom,01DVA5EJHRB1JJFSMW8WCZEE9X
420,bottom,01DV95X5VGB6GXP57KQKZ35GNZ
421,shoe,01DV95X5VGB6GXP57KQKZ35GNZ
422,onepiece,01DVA7QRXM928ZM0WWR7HFNTC1
423,bottom,01DVA7QRXM928ZM0WWR7HFNTC1
424,top,01DT50S8KBY1P8M4PZD48A4HH9
425,bottom,01DT50S8KBY1P8M4PZD48A4HH9
426,sweater,01DT50RYTSF5KF7878GXYA79B8
427,shoe,01DT50RYTSF5KF7878GXYA79B8
428,top,01DVBR1MP53T5FGSAZ4P87K4C4
429,top,01DVBR1MP53T5FGSAZ4P87K4C4
430,top,01DVBRNY5VW355NYJBDRB64EP4
431,sweater,01DVBRNY5VW355NYJBDRB64EP4
432,top,01DVBRQA18CNN9MKQSABWZ2M6E
433,shoe,01DVBRQA18CNN9MKQSABWZ2M6E
434,shoe,01DVBTBPHR8WJTCVEN5AJRHF47
435,accessory,01DVBTBPHR8WJTCVEN5AJRHF47
436,top,01DT50RMX52H92WSHRAKK1032P
437,top,01DT50RMX52H92WSHRAKK1032P
438,top,01DVBZ7EMDWY6YFMV54PHV3SK2
439,blazerscoatsjackets,01DVBZ7EMDWY6YFMV54PHV3SK2
440,bottom,01DVBZSXGKWREK5YYVM4TDD3DV
441,accessory,01DVBZSXGKWREK5YYVM4TDD3DV
442,bottom,01DVC243XTQAJDHBXC38GCTZHT
443,shoe,01DVC243XTQAJDHBXC38GCTZHT
444,top,01DVC24CH2536RRHVAQH9SW7GZ
445,onepiece,01DVC24CH2536RRHVAQH9SW7GZ
446,onepiece,01DVC24CH2536RRHVAQH9SW7GZ
447,accessory,01DVC24CH2536RRHVAQH9SW7GZ
448,shoe,01DVC2Z06FMJDF9MR07E0VK7E9
449,sweater,01DVC2Z06FMJDF9MR07E0VK7E9
450,blazerscoatsjackets,01DVC36AVH56D4HX99M9ACQJNJ
451,top,01DVC36AVH56D4HX99M9ACQJNJ
452,shoe,01DVC3Y9E3T539SP36Q9F7RVV8
453,onepiece,01DVC3Y9E3T539SP36Q9F7RVV8
454,shoe,01DT50W0APCVVFMABDRXAV1ACN
455,top,01DT50W0APCVVFMABDRXAV1ACN
456,shoe,01DT0C8KRXN7W5HG5WCND383RP
457,bottom,01DT0C8KRXN7W5HG5WCND383RP
458,shoe,01DT0C8KRXN7W5HG5WCND383RP
459,shoe,01DT0C8KRXN7W5HG5WCND383RP
460,accessory,01DVC4XW6DDV687PWKRVNHF11J
461,bottom,01DVC4XW6DDV687PWKRVNHF11J
462,blazerscoatsjackets,01DVC4XW6DDV687PWKRVNHF11J
463,bottom,01DVC4XW6DDV687PWKRVNHF11J
464,accessory,01DVC5ENP72XWS71VYY3DBJPPW
465,sweatshirthoodie,01DVC5ENP72XWS71VYY3DBJPPW
466,shoe,01DVC5ENP72XWS71VYY3DBJPPW
467,top,01DVC5ENP72XWS71VYY3DBJPPW
468,shoe,01DPCHNEW5F2RHJQ3NJMVPK6SE
469,accessory,01DPCHNEW5F2RHJQ3NJMVPK6SE
470,sweatshirthoodie,01DPCHNEW5F2RHJQ3NJMVPK6SE
471,accessory,01DPCHNEW5F2RHJQ3NJMVPK6SE
472,shoe,01DPCHNEW5F2RHJQ3NJMVPK6SE
473,bottom,01DPCHNEW5F2RHJQ3NJMVPK6SE
474,shoe,01DPCHNEW5F2RHJQ3NJMVPK6SE
475,onepiece,01DPCHNEW5F2RHJQ3NJMVPK6SE
476,shoe,01DPCHNEW5F2RHJQ3NJMVPK6SE
477,blazerscoatsjackets,01DPCHNEW5F2RHJQ3NJMVPK6SE
478,onepiece,01DPCHNEW5F2RHJQ3NJMVPK6SE
479,bottom,01DPCHNEW5F2RHJQ3NJMVPK6SE
480,top,01DPCHNEW5F2RHJQ3NJMVPK6SE
481,sweatshirthoodie,01DPCHNEW5F2RHJQ3NJMVPK6SE
482,shoe,01DPCHNEW5F2RHJQ3NJMVPK6SE
483,shoe,01DPCHNEW5F2RHJQ3NJMVPK6SE
484,top,01DVCQK4P21SPY0PM4SFJJFHT5
485,onepiece,01DVCQK4P21SPY0PM4SFJJFHT5
486,shoe,01DVCR9QJEJ1DM5H9P1FMRNZFT
487,blazerscoatsjackets,01DVCR9QJEJ1DM5H9P1FMRNZFT
488,bottom,01DVCR7W9HS9D92VZ4JXAKCBVT
489,shoe,01DVCR7W9HS9D92VZ4JXAKCBVT
490,shoe,01DVCQVZTAB36XJ652HHG0E0DC
491,onepiece,01DVCQVZTAB36XJ652HHG0E0DC
492,shoe,01DVCQSH9X343QWPGBXGJB9BFA
493,accessory,01DVCQSH9X343QWPGBXGJB9BFA
494,top,01DVCRFGGW9248MDR0GX8AEXQS
495,shoe,01DVCRFGGW9248MDR0GX8AEXQS
496,bottom,01DVCRYV1MW960D0PHKS4NE7H6
497,sweater,01DVCRYV1MW960D0PHKS4NE7H6
498,bottom,01DVCSHP93DTKGXJW2T6CRM0PW
499,top,01DVCSHP93DTKGXJW2T6CRM0PW
500,onepiece,01DVCT2ANYEJBJ8EKD8XJCBB7P
501,accessory,01DVCT2ANYEJBJ8EKD8XJCBB7P
502,sweater,01DVCT7GK5V45YKJSRZB7V2CGX
503,sweater,01DVCT7GK5V45YKJSRZB7V2CGX
504,top,01DVCTYJVV98RPBPBVQM9TW7ZK
505,shoe,01DVCTYJVV98RPBPBVQM9TW7ZK
506,shoe,01DVCTZAE3B71ADM7TH7ZCJAP7
507,shoe,01DPH1SQFHDA2X9BMJ81N0392Q
508,sweatshirthoodie,01DPH1SQFHDA2X9BMJ81N0392Q
509,bottom,01DVCV9CS1Y1FDNYBTAPVRZBYW
510,shoe,01DVCV9CS1Y1FDNYBTAPVRZBYW
511,sweater,01DS5PNXR24W3WEQE3FZ0B14QY
512,sweatshirthoodie,01DS5PNXR24W3WEQE3FZ0B14QY
513,shoe,01DS459SCECENEE1P4C1MZX8BN
514,shoe,01DS459SCECENEE1P4C1MZX8BN
515,blazerscoatsjackets,01DPH12T38C24QM1R846GT6YT2
516,bottom,01DPH12T38C24QM1R846GT6YT2
517,accessory,01DS3NBTE3728WW54M4VT90WXB
518,bottom,01DS3NBTE3728WW54M4VT90WXB
519,shoe,01DS3NBTE3728WW54M4VT90WXB
520,shoe,01DS3NBTE3728WW54M4VT90WXB
521,top,01DS3NV1TVPMHQC6ARCJVCCSXM
522,sweatshirthoodie,01DS3NV1TVPMHQC6ARCJVCCSXM
523,top,01DS1DVBCZ2PXK70KNWRV9R41S
524,shoe,01DS1DVBCZ2PXK70KNWRV9R41S
525,bottom,01DPC9XNR3XBH3HAAQYGYKRJ5H
526,top,01DPGZE12ES1F9BPJ3T1A6MH6A
527,top,01DPGZE12ES1F9BPJ3T1A6MH6A
528,bottom,01DPGZE12ES1F9BPJ3T1A6MH6A
529,top,01DPGZE12ES1F9BPJ3T1A6MH6A
530,shoe,01DPD8C9XN7MQSHSSTKTCZZN1N
531,bottom,01DPETRNK95D68PFASVNTWZDHC
532,onepiece,01DPETRNK95D68PFASVNTWZDHC
533,blazerscoatsjackets,01DPETRNK95D68PFASVNTWZDHC
534,shoe,01DPETRNK95D68PFASVNTWZDHC
535,bottom,01DPETRNK95D68PFASVNTWZDHC
536,top,01DPETRNK95D68PFASVNTWZDHC
537,top,01DPESK4FY8GNM431AE3FPSAFY
538,bottom,01DPESK4FY8GNM431AE3FPSAFY
539,sweatshirthoodie,01DPETPH8KWSV94YXR9GAWAF16
540,top,01DPETPH8KWSV94YXR9GAWAF16
541,blazerscoatsjackets,01DPETPH8KWSV94YXR9GAWAF16
542,shoe,01DPETPH8KWSV94YXR9GAWAF16
543,blazerscoatsjackets,01DPETPH8KWSV94YXR9GAWAF16
544,shoe,01DPETPH8KWSV94YXR9GAWAF16
545,bottom,01DPGWYTS97KK213K1QNJV6610
546,bottom,01DPGWYTS97KK213K1QNJV6610
547,onepiece,01DPGWYTS97KK213K1QNJV6610
548,top,01DPH0AP70N5TRAXB35A704EQZ
549,sweater,01DPH0AP70N5TRAXB35A704EQZ
550,top,01DPH134V7QPAP0YX0DNH7HCVR
551,sweater,01DPH134V7QPAP0YX0DNH7HCVR
552,blazerscoatsjackets,01DPH134V7QPAP0YX0DNH7HCVR
553,blazerscoatsjackets,01DPH134V7QPAP0YX0DNH7HCVR
554,top,01DPH134V7QPAP0YX0DNH7HCVR
555,bottom,01DPH134V7QPAP0YX0DNH7HCVR
556,shoe,01DPH134V7QPAP0YX0DNH7HCVR
557,bottom,01DPH134V7QPAP0YX0DNH7HCVR
558,top,01DPH134V7QPAP0YX0DNH7HCVR
559,top,01DPH134V7QPAP0YX0DNH7HCVR
560,bottom,01DSED1BQ4AGY9NJ3THKQJN9SN
561,bottom,01DSED1BQ4AGY9NJ3THKQJN9SN
562,bottom,01DSED1BQ4AGY9NJ3THKQJN9SN
563,bottom,01DSED1BQ4AGY9NJ3THKQJN9SN
564,bottom,01DPGV4F7FMBYTE3Q32M81JPXC
565,sweater,01DPGY192YZ8PK735N905Q9QN5
566,top,01DPGY192YZ8PK735N905Q9QN5
567,bottom,01DT50JTJZD88B52HPZE9VKM3F
568,bottom,01DT50JTJZD88B52HPZE9VKM3F
569,shoe,01DPET2NWSA221STZF740BZ9SW
570,sweatshirthoodie,01DPET2NWSA221STZF740BZ9SW
571,bottom,01DPGSTG4M1RXB26QMMN0MPPB8
572,top,01DPGSTG4M1RXB26QMMN0MPPB8
573,accessory,01DPGSTG4M1RXB26QMMN0MPPB8
574,accessory,01DPGSTG4M1RXB26QMMN0MPPB8
575,sweater,01DPGSTG4M1RXB26QMMN0MPPB8
576,shoe,01DPGSTG4M1RXB26QMMN0MPPB8
577,top,01DPGSTG4M1RXB26QMMN0MPPB8
578,bottom,01DPGSTG4M1RXB26QMMN0MPPB8
579,bottom,01DPGSTG4M1RXB26QMMN0MPPB8
580,accessory,01DPGSTG4M1RXB26QMMN0MPPB8
581,bottom,01DPGSTG4M1RXB26QMMN0MPPB8
582,bottom,01DPGSTG4M1RXB26QMMN0MPPB8
583,shoe,01DPGSTG4M1RXB26QMMN0MPPB8
584,blazerscoatsjackets,01DPGSTG4M1RXB26QMMN0MPPB8
585,blazerscoatsjackets,01DPGSTG4M1RXB26QMMN0MPPB8
586,top,01DPGSTG4M1RXB26QMMN0MPPB8
587,sweater,01DPGSTG4M1RXB26QMMN0MPPB8
588,top,01DPGSTG4M1RXB26QMMN0MPPB8
589,bottom,01DPGSTG4M1RXB26QMMN0MPPB8
590,shoe,01DPGSTG4M1RXB26QMMN0MPPB8
591,bottom,01DPGSTG4M1RXB26QMMN0MPPB8
592,bottom,01DPGSTG4M1RXB26QMMN0MPPB8
593,shoe,01DPGSTG4M1RXB26QMMN0MPPB8
594,sweater,01DPGSTG4M1RXB26QMMN0MPPB8
595,top,01DPGSTG4M1RXB26QMMN0MPPB8
596,top,01DPGSTG4M1RXB26QMMN0MPPB8
597,top,01DPGVQFN5QGRBNPH3ZEP8TTGB
598,bottom,01DPGVQFN5QGRBNPH3ZEP8TTGB
599,top,01DPGVQB95XKE259QQ4NQJZSHS
600,top,01DPGVQB95XKE259QQ4NQJZSHS
601,bottom,01DPGVQXPMV44THE1FEPS8WMFS
602,onepiece,01DPGVQXPMV44THE1FEPS8WMFS
603,onepiece,01DT0DJCFRF3P8N1KVNJX771GG
604,shoe,01DT0DJCFRF3P8N1KVNJX771GG
605,onepiece,01DT37DJVBDP6796WQP3EGAAJM
606,shoe,01DT37DJVBDP6796WQP3EGAAJM
607,top,01DT517464PBJSVM03ZR8FPDR6
608,shoe,01DT517464PBJSVM03ZR8FPDR6
609,bottom,01DPKNAXXK774YWVKC4XQCCEXA
610,shoe,01DSP42D5VZS96D4G6BJTGB797
611,shoe,01DSP42D5VZS96D4G6BJTGB797
612,shoe,01DPKNJA2K022V3KP077611MKC
613,shoe,01DPKNJA2K022V3KP077611MKC
614,shoe,01DPKNJA2K022V3KP077611MKC
615,top,01DT0DJH0G3NX1VGEQW3GFH4CG
616,bottom,01DT0DJH0G3NX1VGEQW3GFH4CG
617,top,01DT0DJEM4QH9KS3V0RGAYKVFS
618,top,01DT0DJEM4QH9KS3V0RGAYKVFS
619,accessory,01DT0DJA1EAB4Y6FW6K3CBHT3R
620,top,01DT0DJA1EAB4Y6FW6K3CBHT3R
621,top,01DT0DK8GB28P5SPS3YFZG502J
622,bottom,01DT0DK8GB28P5SPS3YFZG502J
623,top,01DT0DKNPKDG0641K39JRVJ5BK
624,bottom,01DT0DKNPKDG0641K39JRVJ5BK
625,sweater,01DT0DKXSHFHGS21QPDD3VMCN0
626,shoe,01DT0DKXSHFHGS21QPDD3VMCN0
627,shoe,01DSEBAYXN6WHYX7ZNCFBH10JK
628,bottom,01DSEBAYXN6WHYX7ZNCFBH10JK
629,onepiece,01DSEBAYXN6WHYX7ZNCFBH10JK
630,shoe,01DSEBAYXN6WHYX7ZNCFBH10JK
631,bottom,01DPGT0E7WVPXS08E94KBYJ7MB
632,blazerscoatsjackets,01DPGT0E7WVPXS08E94KBYJ7MB
633,accessory,01DPGT0E7WVPXS08E94KBYJ7MB
634,sweatshirthoodie,01DPGT0E7WVPXS08E94KBYJ7MB
635,onepiece,01DS4560AAAFBFZZQ4G39JMFFX
636,shoe,01DS4560AAAFBFZZQ4G39JMFFX
637,shoe,01DT2D3D3Z5VE6WNAQNR3K8H7A
638,shoe,01DT2D3D3Z5VE6WNAQNR3K8H7A
639,onepiece,01DPGVEF7HJ2WP5J1HHS8THN5Y
640,blazerscoatsjackets,01DPGVEF7HJ2WP5J1HHS8THN5Y
641,bottom,01DPGVEF7HJ2WP5J1HHS8THN5Y
642,bottom,01DPGVEF7HJ2WP5J1HHS8THN5Y
643,shoe,01DPGVEF7HJ2WP5J1HHS8THN5Y
644,onepiece,01DPGVEF7HJ2WP5J1HHS8THN5Y
645,top,01DT37DHRWRS79KSNBRG7X0Q6C
646,shoe,01DT37DHRWRS79KSNBRG7X0Q6C
647,top,01DT37DGWQAVWQSH2PGM9HJ2EH
648,bottom,01DT37DGWQAVWQSH2PGM9HJ2EH
649,shoe,01DS48PYMWDQ10H1SN6GJZMV2D
650,onepiece,01DS48PYMWDQ10H1SN6GJZMV2D
651,bottom,01DT37DETXZMS0J103A3D67X52
652,bottom,01DT37DETXZMS0J103A3D67X52
653,top,01DT37DETXZMS0J103A3D67X52
654,onepiece,01DT37DETXZMS0J103A3D67X52
655,accessory,01DT37DMZECVHJ6917MNNTVE2B
656,top,01DT37DMZECVHJ6917MNNTVE2B
657,accessory,01DT37DMZECVHJ6917MNNTVE2B
658,blazerscoatsjackets,01DT37DMZECVHJ6917MNNTVE2B
659,shoe,01DT512PKX25MV3A47WJSW94CD
660,shoe,01DT512PKX25MV3A47WJSW94CD
661,shoe,01DT519W15KFEKC3Z4HPEZPKC9
662,shoe,01DT519W15KFEKC3Z4HPEZPKC9
663,shoe,01DS3SDR56BFECA6Q6YETRAWYH
664,top,01DS3SDR56BFECA6Q6YETRAWYH
665,accessory,01DVA57VPXY3KR2H9Q0W4SGGSP
666,shoe,01DVA57VPXY3KR2H9Q0W4SGGSP
667,blazerscoatsjackets,01DVA57VPXY3KR2H9Q0W4SGGSP
668,bottom,01DVA57VPXY3KR2H9Q0W4SGGSP
669,shoe,01DS4A7MN84ATEDG9VZAYY3VT5
670,bottom,01DS4A7MN84ATEDG9VZAYY3VT5
671,shoe,01DVCRT1EENW5BEPBR8FJ4TPN8
672,blazerscoatsjackets,01DVCRT1EENW5BEPBR8FJ4TPN8
673,shoe,01DS3YGC7T9CQZ285A73DAA9FH
674,top,01DS3YGC7T9CQZ285A73DAA9FH
675,top,01DS4AQS8QH8BBBK1EWRWHG112
676,accessory,01DS4AQS8QH8BBBK1EWRWHG112
677,top,01DS1AC098SQ6A0KNER6H2G6XS
678,bottom,01DS1AC098SQ6A0KNER6H2G6XS
679,top,01DS3SXQWCABE5EBP91QKFRY7C
680,onepiece,01DS3SXQWCABE5EBP91QKFRY7C
681,top,01DS4AZZ0NG7EY3WB6E6Y3KATY
682,top,01DS4AZZ0NG7EY3WB6E6Y3KATY
683,bottom,01DPH1Q9NGT2S3SJ0W8H83HKBW
684,onepiece,01DPH1Q9NGT2S3SJ0W8H83HKBW
685,top,01DS463N1A7GDEVKW87WB2W2P3
686,shoe,01DS463N1A7GDEVKW87WB2W2P3
687,accessory,01DS3NJY966TNMK4X420K25RQS
688,top,01DS3NJY966TNMK4X420K25RQS
689,sweatshirthoodie,01DS3NJY966TNMK4X420K25RQS
690,shoe,01DS3NJY966TNMK4X420K25RQS
691,bottom,01DS1BTV804QFC91G3R9Q7D792
692,onepiece,01DS1BTV804QFC91G3R9Q7D792
693,onepiece,01DPH1J6F9GQBG1ZK19JFYCV51
694,bottom,01DPH1J6F9GQBG1ZK19JFYCV51
695,bottom,01DS3NXMEVAP7XQZWRFRVN3G75
696,shoe,01DS3NXMEVAP7XQZWRFRVN3G75
697,bottom,01DS1CGC6N8HT8MHW796AF6QXB
698,sweater,01DS1CGC6N8HT8MHW796AF6QXB
699,sweater,01DS4BGJM4GFWAZ69BNP6R7JW5
700,bottom,01DS4BGJM4GFWAZ69BNP6R7JW5
701,top,01DS4BGJM4GFWAZ69BNP6R7JW5
702,accessory,01DS4BGJM4GFWAZ69BNP6R7JW5
703,top,01DPH1HNYT4T32YBDPFXVR7KVK
704,accessory,01DPH1HNYT4T32YBDPFXVR7KVK
705,shoe,01DS3P12499SWPVST023XTH1ZS
706,top,01DS3P12499SWPVST023XTH1ZS
707,shoe,01DSED10KK3TMJ3QAV64DC3AFR
708,blazerscoatsjackets,01DSED10KK3TMJ3QAV64DC3AFR
709,bottom,01DPH0X7MM43DCK1T08DNR8AK2
710,shoe,01DPH0X7MM43DCK1T08DNR8AK2
711,blazerscoatsjackets,01DS3TS6K87REDWH70ZYKF0R1A
712,bottom,01DS3TS6K87REDWH70ZYKF0R1A
713,bottom,01DPGYAW631JZ5B1CR95DRF000
714,bottom,01DPGYAW631JZ5B1CR95DRF000
715,shoe,01DS3TZJ6M8BZQF7436CKKKXMV
716,top,01DS3TZJ6M8BZQF7436CKKKXMV
717,onepiece,01DS5PD6Q5SK7HK7G62TTFXD0F
718,bottom,01DS5PD6Q5SK7HK7G62TTFXD0F
719,accessory,01DS472ETYF0RWZ68HKM3RZPH7
720,top,01DS472ETYF0RWZ68HKM3RZPH7
721,top,01DS1EPBHYZK10A2CMRE7BWYMP
722,shoe,01DS1EPBHYZK10A2CMRE7BWYMP
723,shoe,01DS3PM83MHR8W8KFZC1XYANZM
724,top,01DS3PM83MHR8W8KFZC1XYANZM
725,top,01DS1ETFG6WZMQH3QV1RF3NGGG
726,sweater,01DS1ETFG6WZMQH3QV1RF3NGGG
727,sweatshirthoodie,01DS1ETFG6WZMQH3QV1RF3NGGG
728,blazerscoatsjackets,01DS1ETFG6WZMQH3QV1RF3NGGG
729,top,01DS1FN1P6Y3T38MRBVF2BCMVK
730,top,01DS1FN1P6Y3T38MRBVF2BCMVK
731,accessory,01DS1FN1P6Y3T38MRBVF2BCMVK
732,blazerscoatsjackets,01DS1FN1P6Y3T38MRBVF2BCMVK
733,shoe,01DS3RNWWJAMAEHJ04CBPTEP3B
734,blazerscoatsjackets,01DS3RNWWJAMAEHJ04CBPTEP3B
735,top,01DMBRYVA2Q2ST7MNYR6EEY4TK
736,shoe,01DMBRYVA2Q2ST7MNYR6EEY4TK
737,sweatshirthoodie,01DS3VFJPNCC9BGEK9JKW826YZ
738,top,01DS3VFJPNCC9BGEK9JKW826YZ
739,top,01DS3PXSVX8ZAG2NTEVHHCWPAM
740,top,01DS3PXSVX8ZAG2NTEVHHCWPAM
741,top,01DS1GBARXN5MJ42NRZP9B1JZK
742,blazerscoatsjackets,01DS1GBARXN5MJ42NRZP9B1JZK
743,accessory,01DPGV4P9Q64D12BEW3CNK5VFP
744,blazerscoatsjackets,01DPGV4P9Q64D12BEW3CNK5VFP
745,sweater,01DPGV4P9Q64D12BEW3CNK5VFP
746,shoe,01DPGV4P9Q64D12BEW3CNK5VFP
747,top,01DPGZH8NYJ53ETFXSFZQRG45B
748,bottom,01DPGZH8NYJ53ETFXSFZQRG45B
749,bottom,01DPGZH8NYJ53ETFXSFZQRG45B
750,shoe,01DPGZH8NYJ53ETFXSFZQRG45B
751,top,01DPH1KEJ4PV4B7YGDBJPG27B0
752,top,01DPH1KEJ4PV4B7YGDBJPG27B0
753,bottom,01DS3VXMD8HXR4BH734ZCHCHNX
754,top,01DS3VXMD8HXR4BH734ZCHCHNX
755,shoe,01DPH0BV5FW777ESN7N85CAHRF
756,onepiece,01DPH0BV5FW777ESN7N85CAHRF
757,onepiece,01DPGV4YRP3Z8J85DASGZ1Y99W
758,top,01DPGV4YRP3Z8J85DASGZ1Y99W
759,shoe,01DPGV4YRP3Z8J85DASGZ1Y99W
760,top,01DPGV4YRP3Z8J85DASGZ1Y99W
761,bottom,01DPGV4YRP3Z8J85DASGZ1Y99W
762,blazerscoatsjackets,01DPGV4YRP3Z8J85DASGZ1Y99W
763,bottom,01DPGV4YRP3Z8J85DASGZ1Y99W
764,sweater,01DPGV4YRP3Z8J85DASGZ1Y99W
765,bottom,01DPGV4YRP3Z8J85DASGZ1Y99W
766,top,01DPGV4YRP3Z8J85DASGZ1Y99W
767,bottom,01DPGV4YRP3Z8J85DASGZ1Y99W
768,shoe,01DPGV4YRP3Z8J85DASGZ1Y99W
769,top,01DPGV4YRP3Z8J85DASGZ1Y99W
770,shoe,01DPGV4YRP3Z8J85DASGZ1Y99W
771,bottom,01DPGV4YRP3Z8J85DASGZ1Y99W
772,bottom,01DPGV4YRP3Z8J85DASGZ1Y99W
773,bottom,01DPGV4YRP3Z8J85DASGZ1Y99W
774,top,01DPGV4YRP3Z8J85DASGZ1Y99W
775,bottom,01DPH00ZKQ0WWMKFQ4R48P2PT9
776,top,01DPH00ZKQ0WWMKFQ4R48P2PT9
777,shoe,01DPGV74AR5GXBVYEZB86TS9PE
778,shoe,01DPGV74AR5GXBVYEZB86TS9PE
779,shoe,01DPGV74AR5GXBVYEZB86TS9PE
780,blazerscoatsjackets,01DPGV74AR5GXBVYEZB86TS9PE
781,bottom,01DPGZC9EM91ZDK41SZ388T90T
782,blazerscoatsjackets,01DPGZC9EM91ZDK41SZ388T90T
783,top,01DPGVENJ4DK9VAWAW5G8TH5AR
784,onepiece,01DPGVENJ4DK9VAWAW5G8TH5AR
785,onepiece,01DPGVENJ4DK9VAWAW5G8TH5AR
786,shoe,01DPGVENJ4DK9VAWAW5G8TH5AR
787,top,01DPGVCKPF8T4PQKFHV2TY8HHG
788,bottom,01DPGVCKPF8T4PQKFHV2TY8HHG
789,shoe,01DPGVCKPF8T4PQKFHV2TY8HHG
790,top,01DPGVCKPF8T4PQKFHV2TY8HHG
791,bottom,01DPGYXR5ZARH55CJSDJEYVRFZ
792,sweater,01DPGYXR5ZARH55CJSDJEYVRFZ
793,onepiece,01DPGVFN6NS24XFG1MJ2HJKNGR
794,blazerscoatsjackets,01DPGVFN6NS24XFG1MJ2HJKNGR
795,top,01DPGVFN6NS24XFG1MJ2HJKNGR
796,top,01DPGVFN6NS24XFG1MJ2HJKNGR
797,sweater,01DS1HQQRQGAXPJRB193AD9E13
798,bottom,01DS1HQQRQGAXPJRB193AD9E13
799,accessory,01DPGV9H71T38N538ND3S5NSMC
800,accessory,01DPGV9H71T38N538ND3S5NSMC
801,bottom,01DPGV9H71T38N538ND3S5NSMC
802,bottom,01DPGV9H71T38N538ND3S5NSMC
803,top,01DPGV9H71T38N538ND3S5NSMC
804,shoe,01DPGV9H71T38N538ND3S5NSMC
805,sweater,01DPGXQK6X548ARKQT5J0JTZGS
806,bottom,01DPGXQK6X548ARKQT5J0JTZGS
807,accessory,01DPGXF9VG7ZCA0QNSD0AQ1N6T
808,accessory,01DPGXF9VG7ZCA0QNSD0AQ1N6T
809,shoe,01DPGX7WBBE4PDWY4GVZ67WJS1
810,top,01DPGX7WBBE4PDWY4GVZ67WJS1
811,top,01DPGX3HW860FEW1MC79RMW623
812,top,01DPGX3HW860FEW1MC79RMW623
813,sweater,01DPGWWE56777EGER33TKY9FP7
814,onepiece,01DPGWWE56777EGER33TKY9FP7
815,bottom,01DPGVQYVFSBEP5RK51CZTK5YB
816,top,01DPGVQYVFSBEP5RK51CZTK5YB
817,bottom,01DPGVQSJ329NA1K04NPB3CQRR
818,shoe,01DPGVQSJ329NA1K04NPB3CQRR
819,shoe,01DPGVQGS119PQ5Y4GNG28G1ZR
820,accessory,01DPGVQGS119PQ5Y4GNG28G1ZR
821,bottom,01DPGVAZNJ8XB7TMY3Z7K56S0E
822,bottom,01DPGVAZNJ8XB7TMY3Z7K56S0E
823,onepiece,01DPGVAZNJ8XB7TMY3Z7K56S0E
824,top,01DPGVAZNJ8XB7TMY3Z7K56S0E
825,blazerscoatsjackets,01DPGVPSERRH7AMXV14C0WAZAX
826,top,01DPGVPSERRH7AMXV14C0WAZAX
827,bottom,01DS48984811MEPAFAKCE0DFVB
828,shoe,01DS48984811MEPAFAKCE0DFVB
829,top,01DPGVKMVETJ64KSGV536H32Z4
830,accessory,01DS43RYA8P5SST71NTPAAPER9
831,onepiece,01DS43RYA8P5SST71NTPAAPER9
832,top,01DS43V04BAMM8XJCG2Y18SWQM
833,top,01DS43V04BAMM8XJCG2Y18SWQM
834,onepiece,01DPGVD9XJQCGK325JQ8RD6MYV
835,bottom,01DT516H1CRMZBS41TT2A8G483
836,sweatshirthoodie,01DT516H1CRMZBS41TT2A8G483
837,top,01DS48RSJAK2TYWB96WXAAQBWX
838,top,01DS48RSJAK2TYWB96WXAAQBWX
839,bottom,01DPGV73E6KQ1C31G7F1TGAWGB
840,blazerscoatsjackets,01DS48V97WA6D0APP3S4ABZN2P
841,blazerscoatsjackets,01DS48V97WA6D0APP3S4ABZN2P
842,top,01DS48V97WA6D0APP3S4ABZN2P
843,sweater,01DS48V97WA6D0APP3S4ABZN2P
844,bottom,01DS48VPD048FHTQZ1XPYW632B
845,bottom,01DS48VPD048FHTQZ1XPYW632B
846,sweatshirthoodie,01DS48VPD048FHTQZ1XPYW632B
847,top,01DS48VPD048FHTQZ1XPYW632B
848,shoe,01DPH1CDYFR91P3XT7YRER93KQ
849,accessory,01DPH1CDYFR91P3XT7YRER93KQ
850,shoe,01DS493JR3DWJ3GVPGD9DNTTQM
851,bottom,01DS493JR3DWJ3GVPGD9DNTTQM
852,top,01DS495GFB8F5359RX0449964C
853,top,01DS495GFB8F5359RX0449964C
854,bottom,01DS3RJYH7NHQBCW6WX1WAX26J
855,onepiece,01DS3RJYH7NHQBCW6WX1WAX26J
856,onepiece,01DS49E57KHV9Z6HX4AR31HRJ6
857,accessory,01DS49E57KHV9Z6HX4AR31HRJ6
858,accessory,01DS1PYM2R5BBK4RNERD8765WP
859,accessory,01DS1PYM2R5BBK4RNERD8765WP
860,accessory,01DS49FDBVEH2AGVJJPP6BJKK8
861,shoe,01DS49FDBVEH2AGVJJPP6BJKK8
862,shoe,01DS49FPMTDC9763R3SGDQS1FB
863,top,01DS49FPMTDC9763R3SGDQS1FB
864,onepiece,01DS49Q1SSRMY17GXWM8QF6ZKS
865,onepiece,01DS49Q1SSRMY17GXWM8QF6ZKS
866,bottom,01DMBRYVA2ZFDYRYY5TRQZJTBD
867,top,01DMBRYVA2ZFDYRYY5TRQZJTBD
868,top,01DMHCNT41E14QWP503V7CT9G6
869,sweater,01DMHCNT41E14QWP503V7CT9G6
870,accessory,01DMBRYVA2S5T9W793F4CY41HE
871,sweater,01DMBRYVA2S5T9W793F4CY41HE
872,onepiece,01DPC9GSTT72KHNN0MNDNKH7RD
873,shoe,01DPC9GSTT72KHNN0MNDNKH7RD
874,blazerscoatsjackets,01DPC9GSTT72KHNN0MNDNKH7RD
875,bottom,01DPC6Z5K3ZB8KZ0M6YW7Z4JX8
876,top,01DPC6Z5K3ZB8KZ0M6YW7Z4JX8
877,accessory,01DPC6Z5K3ZB8KZ0M6YW7Z4JX8
878,blazerscoatsjackets,01DPC8AMPE4CZHMJETF1Q8VEN0
879,bottom,01DPC8AMPE4CZHMJETF1Q8VEN0
880,shoe,01DPC8AMPE4CZHMJETF1Q8VEN0
881,shoe,01DPC8AMPE4CZHMJETF1Q8VEN0
882,shoe,01DPCHNQM0PA0SXZZZX85PF2ZJ
883,accessory,01DPCRZWX4S2Z8Q5HYDFM4HNEG
884,sweater,01DPCRZWX4S2Z8Q5HYDFM4HNEG
885,shoe,01DPCWEJRBVWZE397FMF9QXBBY
886,bottom,01DVS28ACA6TP5B0BWV0Y62QW1
887,sweater,01DVS28ACA6TP5B0BWV0Y62QW1
888,onepiece,01DPCWRYQMHRAG7NJ3Q5JJMT42
889,shoe,01DPCWRYQMHRAG7NJ3Q5JJMT42
890,top,01DPCWRYQMHRAG7NJ3Q5JJMT42
891,bottom,01DPKMJFK6ESTB74DTB2HSB1S1
892,top,01DPKMJFK6ESTB74DTB2HSB1S1
893,bottom,01DPCZ5DTE59VBYD9NWNSZKC40
894,accessory,01DPD4R5X5TQCWTVTC2AEAFC10
895,bottom,01DPD1R0F6Z4EJCPNDKPAG5DPF
896,sweatshirthoodie,01DPD2FYRJG5WKXX8HEKRN9J9B
897,shoe,01DPD2MH54WBM1PCZAJTQ91S1Y
898,bottom,01DPD3AGTNRNAKNP8TH9WYG35X
899,onepiece,01DPD3J095SRERSPGGYX9FFRKX
900,accessory,01DPD3J095SRERSPGGYX9FFRKX
901,sweatshirthoodie,01DPD7KN5438Z6VNZKFTTGY34G
902,accessory,01DPKN24A47NA82SP2M7VYRSD3
903,onepiece,01DPKN24A47NA82SP2M7VYRSD3
904,onepiece,01DPKN24A47NA82SP2M7VYRSD3
905,top,01DPEB8HX0GK7A07QADNB52404
906,top,01DPEB8HX0GK7A07QADNB52404
907,sweater,01DPEHS0XH9PDD1GH5ZE4P43A2
908,sweater,01DPEHS0XH9PDD1GH5ZE4P43A2
909,bottom,01DPEN84F0EDT38ZX9H8R6ZTYN
910,blazerscoatsjackets,01DPEQS48Z0CDFW58A4NK19CB4
911,bottom,01DPER1BXHZNAE3BAF7J88ZWNK
912,top,01DPGSFJK363CXPQDA2NZ7KKH1
913,shoe,01DPGV0TFFJ720BT3F8ADN4V7P
914,shoe,01DPGV0TFFJ720BT3F8ADN4V7P
915,sweater,01DPKMGJ33SDFXM7XHGPQJWQ12
916,accessory,01DPGTXH6QTM161M660N9W7C3S
917,onepiece,01DPGV4RAP5Z0BYH1X7K2YK0DF
918,shoe,01DPGV9SVVH5JTR8AP19FN8HK3
919,shoe,01DPGV9PFVQBXZQ8BKT0EVK2DB
920,blazerscoatsjackets,01DPGVDSAM963G5ATQ66QN2VMK
921,blazerscoatsjackets,01DPGY0R8DDN2CBV1632WKQS5S
922,accessory,01DPGY0R8DDN2CBV1632WKQS5S
923,shoe,01DPGVH2GJSJSVE1RP5TF1J3XS
924,sweatshirthoodie,01DPGVQ73Z4Z70HN3T4XS9HBEH
925,top,01DPGVQ73Z4Z70HN3T4XS9HBEH
926,top,01DPGVPXGVRATYPX8CVPG6C2JE
927,top,01DPGVPXGVRATYPX8CVPG6C2JE
928,shoe,01DPGVPZJKKCV6B6E443K26DBK
929,top,01DPGVPZJKKCV6B6E443K26DBK
930,bottom,01DPGVP9X6JH24MWR1V2RW2WNP
931,top,01DPGVP9X6JH24MWR1V2RW2WNP
932,accessory,01DPGVP9X6JH24MWR1V2RW2WNP
933,top,01DPGVP9X6JH24MWR1V2RW2WNP
934,blazerscoatsjackets,01DPGVQNTVHNCN899K6ST8D84J
935,shoe,01DPGVQNTVHNCN899K6ST8D84J
936,sweater,01DPGVQPY781RN59KVY4FANX4S
937,top,01DPGVQPY781RN59KVY4FANX4S
938,top,01DPGWW5EA4KQ73H255BDHWZND
939,top,01DPGXGYVJ5DYV5G9CTAPGPFES
940,bottom,01DPGXGYVJ5DYV5G9CTAPGPFES
941,bottom,01DPGXGYVJ5DYV5G9CTAPGPFES
942,accessory,01DPGXGYVJ5DYV5G9CTAPGPFES
943,sweater,01DPGXGYVJ5DYV5G9CTAPGPFES
944,sweater,01DPGXGYVJ5DYV5G9CTAPGPFES
945,bottom,01DPGXGYVJ5DYV5G9CTAPGPFES
946,bottom,01DPGXGYVJ5DYV5G9CTAPGPFES
947,top,01DPGXQSJT1H02NA8AQ80XRFZX
948,shoe,01DPGXQSJT1H02NA8AQ80XRFZX
949,accessory,01DPGXQSJT1H02NA8AQ80XRFZX
950,onepiece,01DPGXQSJT1H02NA8AQ80XRFZX
951,onepiece,01DPGXQSJT1H02NA8AQ80XRFZX
952,top,01DPGXQSJT1H02NA8AQ80XRFZX
953,bottom,01DPH126VRWE7ENM47QZTPC43V
954,shoe,01DPH126VRWE7ENM47QZTPC43V
955,bottom,01DPGXRAZBHQYMCX47N55TP8PF
956,top,01DPGXRAZBHQYMCX47N55TP8PF
957,top,01DPGXRAZBHQYMCX47N55TP8PF
958,shoe,01DPGXRAZBHQYMCX47N55TP8PF
959,bottom,01DPGXRAZBHQYMCX47N55TP8PF
960,sweater,01DPGXRAZBHQYMCX47N55TP8PF
961,bottom,01DPGY5WT01J8D9M39WEY7Z7W5
962,shoe,01DPGY5WT01J8D9M39WEY7Z7W5
963,accessory,01DPGY5KVSBRAJWX5KRBS19KNE
964,top,01DPGY5KVSBRAJWX5KRBS19KNE
965,onepiece,01DPGYA54B3ZR5318H5321PZWS
966,bottom,01DPGYWAK46NAERQ18HA7J2GE3
967,onepiece,01DPGYWAK46NAERQ18HA7J2GE3
968,top,01DPGZ1GB3AMRNMDS4NW9VTSJ4
969,sweatshirthoodie,01DPGZ1GB3AMRNMDS4NW9VTSJ4
970,blazerscoatsjackets,01DPGZ1GB3AMRNMDS4NW9VTSJ4
971,accessory,01DPGZ1GB3AMRNMDS4NW9VTSJ4
972,top,01DPGZVW5Y4YR2ZETNPTJGDDT6
973,accessory,01DPGZVW5Y4YR2ZETNPTJGDDT6
974,blazerscoatsjackets,01DPGZVW5Y4YR2ZETNPTJGDDT6
975,shoe,01DPGZVW5Y4YR2ZETNPTJGDDT6
976,top,01DPGZV8F2NCKWEQR38B27GTSY
977,top,01DPGZV8F2NCKWEQR38B27GTSY
978,sweater,01DPGZV8F2NCKWEQR38B27GTSY
979,top,01DPGZV8F2NCKWEQR38B27GTSY
980,bottom,01DPGZWS42TP4NJ1GGF50Z9DZF
981,top,01DPH05THF2P0H010GCEENXJQS
982,sweatshirthoodie,01DPH05THF2P0H010GCEENXJQS
983,bottom,01DPH05THF2P0H010GCEENXJQS
984,bottom,01DPH05THF2P0H010GCEENXJQS
985,bottom,01DPH0WT4BKRT5CZ3QV1Z1YA21
986,bottom,01DPH109KMXBB0KHPCT497ZWT8
987,sweatshirthoodie,01DPH109KMXBB0KHPCT497ZWT8
988,accessory,01DPH1A23QXSRMGAR9H3FRND2F
989,shoe,01DPH1A23QXSRMGAR9H3FRND2F
990,sweatshirthoodie,01DPH13FQYPM9ECTXSY7RNM3XX
991,top,01DPH13FQYPM9ECTXSY7RNM3XX
992,blazerscoatsjackets,01DPH13FQYPM9ECTXSY7RNM3XX
993,top,01DPH13FQYPM9ECTXSY7RNM3XX
994,top,01DPH17D2RWCTGJ1JWG3B46A9T
995,shoe,01DPH17D2RWCTGJ1JWG3B46A9T
996,blazerscoatsjackets,01DPH17D2RWCTGJ1JWG3B46A9T
997,onepiece,01DPH17D2RWCTGJ1JWG3B46A9T
998,accessory,01DPH17D2RWCTGJ1JWG3B46A9T
999,top,01DPH17D2RWCTGJ1JWG3B46A9T
1000,bottom,01DPH17D2RWCTGJ1JWG3B46A9T
1001,bottom,01DPH17D2RWCTGJ1JWG3B46A9T
1002,bottom,01DPH17D2RWCTGJ1JWG3B46A9T
1003,bottom,01DPH17D2RWCTGJ1JWG3B46A9T
1004,shoe,01DPH1AZ24YK4ZEM905R1XYZ00
1005,top,01DPH1AZ24YK4ZEM905R1XYZ00
1006,shoe,01DPH1AZ24YK4ZEM905R1XYZ00
1007,accessory,01DPH1AZ24YK4ZEM905R1XYZ00
1008,accessory,01DPH11TKB7DV75ESR5VRYTRGV
1009,top,01DPH11TKB7DV75ESR5VRYTRGV
1010,top,01DPH13KHP5JFG6XTGYD26PTJN
1011,shoe,01DPH13KHP5JFG6XTGYD26PTJN
1012,accessory,01DPH170KCCYEJEQEZJ0QH9PKM
1013,top,01DPH170KCCYEJEQEZJ0QH9PKM
1014,bottom,01DPH1DEN9G2WM7WAMJMD0A9W4
1015,top,01DPH1DEN9G2WM7WAMJMD0A9W4
1016,top,01DPH1DEN9G2WM7WAMJMD0A9W4
1017,top,01DPH1DEN9G2WM7WAMJMD0A9W4
1018,onepiece,01DPH1DEN9G2WM7WAMJMD0A9W4
1019,bottom,01DPH1DEN9G2WM7WAMJMD0A9W4
1020,top,01DPH1E5K89BEY6K3B7ZY73A8X
1021,shoe,01DPH1DT2D77TS3X4QJF8SD17X
1022,onepiece,01DPH1DT2D77TS3X4QJF8SD17X
1023,top,01DPH1DT2D77TS3X4QJF8SD17X
1024,bottom,01DPH1DT2D77TS3X4QJF8SD17X
1025,top,01DPH1GQ33PHX8WG6C0RGSZDQQ
1026,shoe,01DPH1GQ33PHX8WG6C0RGSZDQQ
1027,sweater,01DPH1GQ33PHX8WG6C0RGSZDQQ
1028,blazerscoatsjackets,01DPH1GQ33PHX8WG6C0RGSZDQQ
1029,bottom,01DPH1GQ33PHX8WG6C0RGSZDQQ
1030,onepiece,01DPH1GQ33PHX8WG6C0RGSZDQQ
1031,shoe,01DPH1GQ33PHX8WG6C0RGSZDQQ
1032,sweatshirthoodie,01DPH1GQ33PHX8WG6C0RGSZDQQ
1033,shoe,01DPH1GQ33PHX8WG6C0RGSZDQQ
1034,top,01DPH1GQ33PHX8WG6C0RGSZDQQ
1035,top,01DPH1GQ33PHX8WG6C0RGSZDQQ
1036,sweater,01DPH1GQ33PHX8WG6C0RGSZDQQ
1037,blazerscoatsjackets,01DPH1GQ33PHX8WG6C0RGSZDQQ
1038,blazerscoatsjackets,01DPH1GQ33PHX8WG6C0RGSZDQQ
1039,bottom,01DPH1GQ33PHX8WG6C0RGSZDQQ
1040,shoe,01DPH1GQ33PHX8WG6C0RGSZDQQ
1041,bottom,01DPH1GQ33PHX8WG6C0RGSZDQQ
1042,bottom,01DPH1GQ33PHX8WG6C0RGSZDQQ
1043,sweatshirthoodie,01DPH1GQ33PHX8WG6C0RGSZDQQ
1044,shoe,01DPH1GQ33PHX8WG6C0RGSZDQQ
1045,shoe,01DPH1GQ33PHX8WG6C0RGSZDQQ
1046,accessory,01DPH1GQ33PHX8WG6C0RGSZDQQ
1047,sweater,01DPH1M9S82969NC2TEYENQBZD
1048,sweater,01DPH1M9S82969NC2TEYENQBZD
1049,blazerscoatsjackets,01DPH1QZE2EMXHM69VA38MBGA8
1050,top,01DPH1PR4M8WRX644JDE2M5GYX
1051,top,01DPH1PR4M8WRX644JDE2M5GYX
1052,sweater,01DPKMKG14KT68YQY0MWA1CAA8
1053,shoe,01DPKMKG14KT68YQY0MWA1CAA8
1054,top,01DPKMKG14KT68YQY0MWA1CAA8
1055,accessory,01DPKMH0D252JKMAA27MFCT5GM
1056,shoe,01DPKMH0D252JKMAA27MFCT5GM
1057,sweater,01DPKMH0D252JKMAA27MFCT5GM
1058,shoe,01DPKMH0D252JKMAA27MFCT5GM
1059,accessory,01DPKMNZQTEQX2Y6KXMGXFX9TQ
1060,shoe,01DPKMNZQTEQX2Y6KXMGXFX9TQ
1061,top,01DPKMNZQTEQX2Y6KXMGXFX9TQ
1062,top,01DPKMQS0D0E1C0KE8FP5MD11A
1063,sweater,01DPKMQS0D0E1C0KE8FP5MD11A
1064,shoe,01DPKMQS0D0E1C0KE8FP5MD11A
1065,shoe,01DPKMXBJEMQWQWAZHGJK1RS8Z
1066,bottom,01DPKMXBJEMQWQWAZHGJK1RS8Z
1067,shoe,01DPKMXBJEMQWQWAZHGJK1RS8Z
1068,top,01DPKMXBJEMQWQWAZHGJK1RS8Z
1069,sweater,01DPKN1P7T4AZH2QWE3EVQDHYV
1070,onepiece,01DPKN1P7T4AZH2QWE3EVQDHYV
1071,sweater,01DPKN22N1X0RRJQYAYVTRPD75
1072,bottom,01DPKN22N1X0RRJQYAYVTRPD75
1073,shoe,01DPKN20Q3J0BE3CS896DQB6ER
1074,bottom,01DPKN20Q3J0BE3CS896DQB6ER
1075,shoe,01DPKN2J5P9TZMX8ZZZRHG8RAJ
1076,bottom,01DPKN2EKCVN928X5HPHCMZKPJ
1077,blazerscoatsjackets,01DPKN2EKCVN928X5HPHCMZKPJ
1078,sweater,01DPKN2EKCVN928X5HPHCMZKPJ
1079,accessory,01DPKN6D9NFFR16XBH0XGTYNKP
1080,top,01DPKN6D9NFFR16XBH0XGTYNKP
1081,bottom,01DPKNAA97WXAN8KPGP927RERK
1082,bottom,01DPKN8WZNHFA3QA6JR83N92W0
1083,bottom,01DPKN8WZNHFA3QA6JR83N92W0
1084,sweatshirthoodie,01DPKNB12343SAE0F718PX02YZ
1085,sweatshirthoodie,01DPKNC8DRM7M7NHZPF1Q3C15C
1086,shoe,01DPKNC8DRM7M7NHZPF1Q3C15C
1087,top,01DPKNCMSFAWF2HVQSRHHXDV0K
1088,top,01DPKNCMSFAWF2HVQSRHHXDV0K
1089,top,01DPKND5D3PPZ0XS4TCPMHTRTZ
1090,shoe,01DPKND5D3PPZ0XS4TCPMHTRTZ
1091,onepiece,01DPKNEPTR8AS74Y4TYACBY9EH
1092,top,01DPKNFTZP5G0PEH660CN8VX7E
1093,onepiece,01DPKNFTZP5G0PEH660CN8VX7E
1094,bottom,01DPKNFTZP5G0PEH660CN8VX7E
1095,top,01DPKNHQDG6GPTKV97CFQRJDHE
1096,shoe,01DPKNHQDG6GPTKV97CFQRJDHE
1097,bottom,01DPKNH3114HSWEJX3PT2DZNMB
1098,bottom,01DPKNH3114HSWEJX3PT2DZNMB
1099,bottom,01DPKNJ6J1NQPQ1D3DBKWK5ARS
1100,blazerscoatsjackets,01DPKNJ6J1NQPQ1D3DBKWK5ARS
1101,shoe,01DQBAE23G2KR8C7ZQH443PBCZ
1102,sweater,01DQBAE23G2KR8C7ZQH443PBCZ
1103,shoe,01DQBAE23G2KR8C7ZQH443PBCZ
1104,blazerscoatsjackets,01DQBAE23G2KR8C7ZQH443PBCZ
1105,top,01DQBAE23G2KR8C7ZQH443PBCZ
1106,bottom,01DQBAE23G2KR8C7ZQH443PBCZ
1107,shoe,01DQBAE23G2KR8C7ZQH443PBCZ
1108,bottom,01DSED1F07W44TAWNADWVCQFNV
1109,bottom,01DSED1F07W44TAWNADWVCQFNV
1110,shoe,01DPGZ5KNMJ5ESKJ7XFQQ19SS6
1111,accessory,01DPGZ5KNMJ5ESKJ7XFQQ19SS6
1112,bottom,01DPGZ5KNMJ5ESKJ7XFQQ19SS6
1113,shoe,01DPGZ5KNMJ5ESKJ7XFQQ19SS6
1114,bottom,01DSEAYJ49D6P7ZT8ZYVC45BPD
1115,blazerscoatsjackets,01DSEAYJ49D6P7ZT8ZYVC45BPD
1116,accessory,01DSEAYJ49D6P7ZT8ZYVC45BPD
1117,top,01DSECZPAGJJC1EDC79JRBF4WK
1118,shoe,01DSECZPAGJJC1EDC79JRBF4WK
1119,bottom,01DSECZPAGJJC1EDC79JRBF4WK
1120,bottom,01DSECZPAGJJC1EDC79JRBF4WK
1121,sweater,01DPGZ3RP1QSYS5N97PJRM0DYQ
1122,sweater,01DPGZ3RP1QSYS5N97PJRM0DYQ
1123,top,01DSECZ36CEJ2GPN1Z9Z5WGG2P
1124,shoe,01DSECZ36CEJ2GPN1Z9Z5WGG2P
1125,shoe,01DSECZ36CEJ2GPN1Z9Z5WGG2P
1126,sweater,01DSECZ36CEJ2GPN1Z9Z5WGG2P
1127,shoe,01DPGZYK4P9EZAJF992R0BF5HT
1128,bottom,01DPGZYK4P9EZAJF992R0BF5HT
1129,shoe,01DPGZYK4P9EZAJF992R0BF5HT
1130,shoe,01DPGZYK4P9EZAJF992R0BF5HT
1131,accessory,01DPGZYK4P9EZAJF992R0BF5HT
1132,shoe,01DPGZYK4P9EZAJF992R0BF5HT
1133,top,01DPGY3FE50G4N6KR0NNF240WH
1134,sweater,01DPGY3FE50G4N6KR0NNF240WH
1135,shoe,01DPH12QP3FMHKSSYXST43BENF
1136,top,01DPH12QP3FMHKSSYXST43BENF
1137,shoe,01DPH12QP3FMHKSSYXST43BENF
1138,blazerscoatsjackets,01DPH12QP3FMHKSSYXST43BENF
1139,top,01DPH12QP3FMHKSSYXST43BENF
1140,accessory,01DPH12QP3FMHKSSYXST43BENF
1141,sweater,01DSRKXHDYFZF2FAQYZX97N4W0
1142,shoe,01DSRKXHDYFZF2FAQYZX97N4W0
1143,accessory,01DSECX99RTFSE0TK7E4G0R09K
1144,top,01DSECZZ66N8Y72M986GSHWY0X
1145,bottom,01DSECZZ66N8Y72M986GSHWY0X
1146,top,01DSECZ1AJBCHDEWY7RC1YWEF2
1147,bottom,01DSECZ1AJBCHDEWY7RC1YWEF2
1148,bottom,01DSECWZ1EDXYV29YHMBCNP8N3
1149,bottom,01DSECWZ1EDXYV29YHMBCNP8N3
1150,top,01DSECWZ1EDXYV29YHMBCNP8N3
1151,blazerscoatsjackets,01DSECWZ1EDXYV29YHMBCNP8N3
1152,blazerscoatsjackets,01DSED01ERSG5KA7F1ZY04E9MS
1153,bottom,01DSED01ERSG5KA7F1ZY04E9MS
1154,top,01DSED01ERSG5KA7F1ZY04E9MS
1155,bottom,01DSED01ERSG5KA7F1ZY04E9MS
1156,top,01DSEGAGYHP9MB9ACDZZWTMBMR
1157,onepiece,01DSEGAGYHP9MB9ACDZZWTMBMR
1158,top,01DPGWW48XB73WGP4S83GRHRHB
1159,sweater,01DPGWW48XB73WGP4S83GRHRHB
1160,sweater,01DSEG9DKHCC668ZB4NMBF0MCT
1161,onepiece,01DSEG9DKHCC668ZB4NMBF0MCT
1162,sweater,01DSED226BKEZQMZ5CAMP5A9Y9
1163,blazerscoatsjackets,01DSED226BKEZQMZ5CAMP5A9Y9
1164,shoe,01DSED226BKEZQMZ5CAMP5A9Y9
1165,bottom,01DSED226BKEZQMZ5CAMP5A9Y9
1166,bottom,01DSED1FYCQSE7PAKPCVM4GDXS
1167,onepiece,01DSED1FYCQSE7PAKPCVM4GDXS
1168,bottom,01DSED053S5ADGZ2JC8RVCWDP5
1169,blazerscoatsjackets,01DSED053S5ADGZ2JC8RVCWDP5
1170,shoe,01DSED053S5ADGZ2JC8RVCWDP5
1171,top,01DSED053S5ADGZ2JC8RVCWDP5
1172,onepiece,01DSED1W4SJ4RNQJ27JGNG4NZF
1173,shoe,01DSED1W4SJ4RNQJ27JGNG4NZF
1174,top,01DPES9EZ3AWYQH0HYXHGW1T1N
1175,shoe,01DSEFY1QDBXH0JZDXH8W6BE4E
1176,shoe,01DSEFY1QDBXH0JZDXH8W6BE4E
1177,shoe,01DPGVQKRRGMDKHYTC10C5F8DM
1178,accessory,01DPGVQKRRGMDKHYTC10C5F8DM
1179,shoe,01DPGVF16NCKCEGM24V3RQ7JZG
1180,shoe,01DPGVF16NCKCEGM24V3RQ7JZG
1181,shoe,01DPGVF16NCKCEGM24V3RQ7JZG
1182,shoe,01DPGVF16NCKCEGM24V3RQ7JZG
1183,top,01DSK99QRFXJVHDHPNF88SH2TF
1184,onepiece,01DSK99QRFXJVHDHPNF88SH2TF
1185,accessory,01DSK99QRFXJVHDHPNF88SH2TF
1186,shoe,01DSK99QRFXJVHDHPNF88SH2TF
1187,bottom,01DSKCPEBXHNNFV7FGYXK9TT99
1188,top,01DSKCPEBXHNNFV7FGYXK9TT99
1189,bottom,01DSKD1A16W5NHC9A4PXF43ZB9
1190,bottom,01DSKD1A16W5NHC9A4PXF43ZB9
1191,shoe,01DPGY040VFPTZZH6W96WGM2Y8
1192,top,01DPGY040VFPTZZH6W96WGM2Y8
1193,top,01DPGXYDAZCZ9RP3XKJSQ0KVCD
1194,onepiece,01DPGXYDAZCZ9RP3XKJSQ0KVCD
1195,bottom,01DPGXYDAZCZ9RP3XKJSQ0KVCD
1196,accessory,01DPGXYDAZCZ9RP3XKJSQ0KVCD
1197,top,01DPGXYDAZCZ9RP3XKJSQ0KVCD
1198,shoe,01DPGXYDAZCZ9RP3XKJSQ0KVCD
1199,blazerscoatsjackets,01DS49RWEAE45K5FN9C2EEN19T
1200,top,01DS49RWEAE45K5FN9C2EEN19T
1201,sweater,01DS48GW7438XDB7SHNG3FHJN2
1202,shoe,01DS48GW7438XDB7SHNG3FHJN2
1203,top,01DS46BB4JSKCT9Y9AHY1KZEEB
1204,onepiece,01DS46BB4JSKCT9Y9AHY1KZEEB
1205,bottom,01DS43ZKWF99YRFKAHW168PC1P
1206,top,01DS43ZKWF99YRFKAHW168PC1P
1207,top,01DS43ZKWF99YRFKAHW168PC1P
1208,shoe,01DS43ZKWF99YRFKAHW168PC1P
1209,bottom,01DS3WPQDM1C74ZTT5X3GZMMBP
1210,shoe,01DS3WPQDM1C74ZTT5X3GZMMBP
1211,blazerscoatsjackets,01DS3WPQDM1C74ZTT5X3GZMMBP
1212,top,01DS3WPQDM1C74ZTT5X3GZMMBP
1213,sweater,01DSRS3CMP376G9ZTE1SK1SJA2
1214,bottom,01DSRS3CMP376G9ZTE1SK1SJA2
1215,accessory,01DSRS3CMP376G9ZTE1SK1SJA2
1216,accessory,01DSRS3CMP376G9ZTE1SK1SJA2
1217,top,01DT0DK06B7TM3KRBZBWN37ZS9
1218,shoe,01DT0DK06B7TM3KRBZBWN37ZS9
1219,bottom,01DT0DK6CQR76QRB678C4998NA
1220,top,01DT0DK6CQR76QRB678C4998NA
1221,shoe,01DT0DKEZ2DQZ9SXHE34790QGC
1222,accessory,01DT0DKEZ2DQZ9SXHE34790QGC
1223,top,01DT0C8MESYH1HSKXRX5STAPT7
1224,bottom,01DT0C8MESYH1HSKXRX5STAPT7
1225,onepiece,01DT2D3E08QCR1PRYV9J0A1E5Y
1226,sweater,01DT2D3E08QCR1PRYV9J0A1E5Y
1227,shoe,01DT50RBAS9FK29W12WTXWTC6D
1228,bottom,01DT50RBAS9FK29W12WTXWTC6D
1229,top,01DS3VD1HQH8FYH38MG1ENS01T
1230,shoe,01DS3VD1HQH8FYH38MG1ENS01T
1231,top,01DT5103JNEQ7RYCZV1C03NBE4
1232,top,01DT5103JNEQ7RYCZV1C03NBE4
1233,accessory,01DT515X4KWJNDX25VX2T9E1S7
1234,onepiece,01DT515KEMTBG2ZTNRHYQ29PCT
1235,shoe,01DT515KEMTBG2ZTNRHYQ29PCT
1236,top,01DT515KEMTBG2ZTNRHYQ29PCT
1237,shoe,01DS3YNCDNBFH5H898AG60Z4PK
1238,bottom,01DS3YNCDNBFH5H898AG60Z4PK
1239,bottom,01DS3YNCDNBFH5H898AG60Z4PK
1240,sweater,01DS3YNCDNBFH5H898AG60Z4PK
1241,top,01DT51AATB6TJDA52FSD48YT2Y
1242,bottom,01DT51AATB6TJDA52FSD48YT2Y
1243,onepiece,01DVKEMXD38SWB477H4NKZM9Y4
1244,sweater,01DVKEMXD38SWB477H4NKZM9Y4
1245,blazerscoatsjackets,01DVRQGZ12Z5S9VKRMARTJ93CY
1246,sweater,01DVRQGZ12Z5S9VKRMARTJ93CY
1247,shoe,01DVMH0PYP8JG4SKNGCQCJ2FXZ
1248,bottom,01DVMH0PYP8JG4SKNGCQCJ2FXZ
1249,bottom,01DS1JPJSC24X4WME6NDDE6ZZ9
1250,onepiece,01DS1JPJSC24X4WME6NDDE6ZZ9
1251,bottom,01DT50SDAASPSGBSV7J84E6VHQ
1252,shoe,01DT50SDAASPSGBSV7J84E6VHQ
1253,bottom,01DSZQJWFM9BM53GPZYT0Q2YFH
1254,top,01DSZQJWFM9BM53GPZYT0Q2YFH
1255,top,01DVPASRFA5ZAP03E3BHN25455
1256,top,01DVPASRFA5ZAP03E3BHN25455
1257,bottom,01DVPASKX8HHPQZK1BAHCNQW8T
1258,onepiece,01DVPASKX8HHPQZK1BAHCNQW8T
1259,shoe,01DVPNB5C3973WN8R7W7YVRRKT
1260,top,01DVPNB5C3973WN8R7W7YVRRKT
1261,bottom,01DT37D8YR9TYWDKYRNQ38DRB4
1262,blazerscoatsjackets,01DT37D8YR9TYWDKYRNQ38DRB4
1263,onepiece,01DVRH2B2KJ6XAQRTN4959QX0V
1264,sweatshirthoodie,01DVRH2B2KJ6XAQRTN4959QX0V
1265,top,01DVRQP06XPHAQ52D8WPC84T5D
1266,shoe,01DVRQP06XPHAQ52D8WPC84T5D
1267,onepiece,01DVS0C77R86TSCW59G1KNXP72
1268,blazerscoatsjackets,01DVS0C77R86TSCW59G1KNXP72
1269,top,01DVS2F1A4EDSPB61MS0460FZ5
1270,sweater,01DVS2F1A4EDSPB61MS0460FZ5
1271,shoe,01DVS3946S3CCS3GQ61SYW5FMR
1272,top,01DVS3946S3CCS3GQ61SYW5FMR
1273,top,01DVV40THGHZT6Z2KMG1B6VRGH
1274,accessory,01DVV40THGHZT6Z2KMG1B6VRGH
1275,bottom,01DVV956GEH0S1ES0T6KB5W95N
1276,bottom,01DVV956GEH0S1ES0T6KB5W95N
1277,sweatshirthoodie,01DT5198M81QEKJG0W4JCA6940
1278,bottom,01DT5198M81QEKJG0W4JCA6940
1279,shoe,01DS3S5MP4B2T345GKEH14JW3X
1280,top,01DS3S5MP4B2T345GKEH14JW3X
1281,top,01DVVBR6208WHC8QX2E2CV411M
1282,top,01DVVBR6208WHC8QX2E2CV411M
1283,bottom,01DVVFWANCGCFK1E1WXKQR5ER5
1284,accessory,01DVVFWANCGCFK1E1WXKQR5ER5
1285,shoe,01DTASNVCZQD122G9B5THFJSR2
1286,top,01DTASNVCZQD122G9B5THFJSR2
1287,shoe,01DVCV7QB760B0A1NMYWK0FNHB
1288,top,01DVCV7QB760B0A1NMYWK0FNHB
1289,accessory,01DVA4SZJR7BKVD65P59TRZYRS
1290,onepiece,01DVA4SZJR7BKVD65P59TRZYRS
1291,shoe,01DVS2GQ4QE0A9GQAC5FGJFS30
1292,top,01DVS2GQ4QE0A9GQAC5FGJFS30
1293,bottom,01DS44MT6XDH3DDGJ80TQ6AJ2G
1294,top,01DS44MT6XDH3DDGJ80TQ6AJ2G
1295,top,01DPGVFKW3VKJNRR60DZGJ402V
1296,top,01DPGVFKW3VKJNRR60DZGJ402V
1297,onepiece,01DPGVQJX1CQ80NT7CYXQ3XSAG
1298,top,01DPGVQJX1CQ80NT7CYXQ3XSAG
1299,blazerscoatsjackets,01DS3XS9JR49N5Z1DJZ9DDEREN
1300,shoe,01DS3XS9JR49N5Z1DJZ9DDEREN
1301,onepiece,01DPGYAT88AA3T3SW2RD6WSJ6W
1302,shoe,01DPGYAT88AA3T3SW2RD6WSJ6W
1303,top,01DS45PAVGK3Q9206AT3GAJ9GD
1304,onepiece,01DS45PAVGK3Q9206AT3GAJ9GD
1305,bottom,01DS3YKM5RGD6HGMVQK2XNWD5V
1306,bottom,01DS3YKM5RGD6HGMVQK2XNWD5V
1307,top,01DS3N86PR3ZM6Z5JD2K6B4RGK
1308,blazerscoatsjackets,01DS3N86PR3ZM6Z5JD2K6B4RGK
1309,bottom,01DS1F997EHYZ47CET11CZH97X
1310,sweater,01DS1F997EHYZ47CET11CZH97X
1311,shoe,01DS3NA7ECEY16CA144VM14Y4X
1312,onepiece,01DS3NA7ECEY16CA144VM14Y4X
1313,shoe,01DS1C9MZZDFAE3QWJEA674MTN
1314,bottom,01DS1C9MZZDFAE3QWJEA674MTN
1315,top,01DS5PAT7FZJ5A39WRJ598CVF7
1316,accessory,01DS5PAT7FZJ5A39WRJ598CVF7
1317,bottom,01DS5PAT7FZJ5A39WRJ598CVF7
1318,bottom,01DS5PAT7FZJ5A39WRJ598CVF7
1319,onepiece,01DVP81MR1K1RP0NDF69HDYBG5
1320,accessory,01DVP81MR1K1RP0NDF69HDYBG5
1321,top,01DS423ZW09ZGHYGYYH4NBZFSS
1322,blazerscoatsjackets,01DS423ZW09ZGHYGYYH4NBZFSS
1323,bottom,01DSEASPXQE6RT8G267SC2PVKR
1324,bottom,01DSEASPXQE6RT8G267SC2PVKR
1325,blazerscoatsjackets,01DT510Q6H4KSH0W4D4BMA0DDG
1326,top,01DT510Q6H4KSH0W4D4BMA0DDG
1327,bottom,01DT0DM82074QHCSS7H3SZQ8AN
1328,onepiece,01DT0DM82074QHCSS7H3SZQ8AN
1329,onepiece,01DT0DM82074QHCSS7H3SZQ8AN
1330,bottom,01DT0DM82074QHCSS7H3SZQ8AN
1331,shoe,01DS1G0B6YS8JM1VSEVNWV700A
1332,blazerscoatsjackets,01DS1G0B6YS8JM1VSEVNWV700A
1333,bottom,01DT0DHSDTQ34YYDQZ856T6WP9
1334,top,01DT0DHSDTQ34YYDQZ856T6WP9
1335,shoe,01DT50Z691G9KRRBRK8517CHN2
1336,onepiece,01DT50Z691G9KRRBRK8517CHN2
1337,top,01DS3PYMQ49TYN63QDMDJ6WNFN
1338,top,01DS3PYMQ49TYN63QDMDJ6WNFN
1339,shoe,01DT0DHTFAJSADCNHW7GFXDYBF
1340,bottom,01DT0DHTFAJSADCNHW7GFXDYBF
1341,onepiece,01DPH19482XDP8RNN9NCWV0JR3
1342,top,01DPH19482XDP8RNN9NCWV0JR3
1343,bottom,01DS1GM6RNW7EE7T5FF2EB4YC8
1344,top,01DS1GM6RNW7EE7T5FF2EB4YC8
1345,top,01DT0DJ33N4EB96MW5YE5CP5HD
1346,top,01DT0DJ33N4EB96MW5YE5CP5HD
1347,shoe,01DS1HE94D8P0DAG44CZ6E2R07
1348,shoe,01DS1HE94D8P0DAG44CZ6E2R07
1349,shoe,01DS439D51GS60HCV7QTNRXS8Y
1350,top,01DS439D51GS60HCV7QTNRXS8Y
1351,top,01DT0DJJ57JWH8YHPFZB1VQS6Y
1352,shoe,01DT0DJJ57JWH8YHPFZB1VQS6Y
1353,top,01DS3QXZHK15190CEZVG9XWQ4J
1354,onepiece,01DS3QXZHK15190CEZVG9XWQ4J
1355,top,01DS446MYDMSN0QM0WVHH6B18W
